128,1,pd,0.0127222
128,1,pd,0.0127683
128,1,pd,0.0107282
128,1,pd,0.0136938
128,1,pd,0.0128544
128,1,pd,0.0129492
128,1,pd,0.0127042
128,1,pd,0.0132405
128,1,pd,0.0136551
128,1,pd,0.0125457
256,1,pd,0.0512309
256,1,pd,0.0498559
256,1,pd,0.0530251
256,1,pd,0.0488122
256,1,pd,0.0583651
256,1,pd,0.050098
256,1,pd,0.0527163
256,1,pd,0.0494197
256,1,pd,0.0518355
256,1,pd,0.0478568
512,1,pd,0.237442
512,1,pd,0.213686
512,1,pd,0.216268
512,1,pd,0.266813
512,1,pd,0.227141
512,1,pd,0.23467
512,1,pd,0.231976
512,1,pd,0.225721
512,1,pd,0.214188
512,1,pd,0.22138
1024,1,pd,1.10805
1024,1,pd,1.08082
1024,1,pd,1.18825
1024,1,pd,1.0492
1024,1,pd,1.07601
1024,1,pd,1.09746
1024,1,pd,1.06878
1024,1,pd,1.00712
1024,1,pd,1.11575
1024,1,pd,1.07748
2048,1,pd,12.0632
2048,1,pd,13.1303
2048,1,pd,12.7319
2048,1,pd,12.7403
2048,1,pd,12.1205
2048,1,pd,12.8186
2048,1,pd,13.1941
2048,1,pd,12.4132
2048,1,pd,12.6805
2048,1,pd,12.826
4096,1,pd,118.7
4096,1,pd,117.714
4096,1,pd,118.029
4096,1,pd,119.01
4096,1,pd,116.875
4096,1,pd,118.771
4096,1,pd,115.989
4096,1,pd,119.59
4096,1,pd,117.546
4096,1,pd,134.11
128,2,pd,0.0263462
128,2,pd,0.027283
128,2,pd,0.0255283
128,2,pd,0.0280276
128,2,pd,0.0247501
128,2,pd,0.0246046
128,2,pd,0.0218419
128,2,pd,0.0302845
128,2,pd,0.0261866
128,2,pd,0.0265128
256,2,pd,0.110992
256,2,pd,0.0917184
256,2,pd,0.102865
256,2,pd,0.111581
256,2,pd,0.0931022
256,2,pd,0.0970526
256,2,pd,0.086693
256,2,pd,0.119707
256,2,pd,0.10725
256,2,pd,0.0912271
512,2,pd,0.439098
512,2,pd,0.421043
512,2,pd,0.436936
512,2,pd,0.450986
512,2,pd,0.368757
512,2,pd,0.449384
512,2,pd,0.436598
512,2,pd,0.437418
512,2,pd,0.385501
512,2,pd,0.424931
1024,2,pd,1.76221
1024,2,pd,1.62892
1024,2,pd,1.80168
1024,2,pd,1.62646
1024,2,pd,1.64577
1024,2,pd,1.63273
1024,2,pd,1.71366
1024,2,pd,1.62571
1024,2,pd,1.78306
1024,2,pd,1.85398
2048,2,pd,10.1705
2048,2,pd,10.0218
2048,2,pd,9.2308
2048,2,pd,8.35718
2048,2,pd,9.22334
2048,2,pd,9.91004
2048,2,pd,9.69738
2048,2,pd,9.04518
2048,2,pd,10.1308
2048,2,pd,9.28561
4096,2,pd,83.7938
4096,2,pd,68.4132
4096,2,pd,83.1
4096,2,pd,67.2292
4096,2,pd,79.1881
4096,2,pd,66.5924
4096,2,pd,66.9922
4096,2,pd,68.3088
4096,2,pd,79.8203
4096,2,pd,83.8033
128,4,pd,0.0448802
128,4,pd,0.0421281
128,4,pd,0.0370862
128,4,pd,0.0377125
128,4,pd,0.0383594
128,4,pd,0.0379985
128,4,pd,0.0453639
128,4,pd,0.0409095
128,4,pd,0.0345301
128,4,pd,0.0426209
256,4,pd,0.184813
256,4,pd,0.184822
256,4,pd,0.160759
256,4,pd,0.170887
256,4,pd,0.19544
256,4,pd,0.189518
256,4,pd,0.194389
256,4,pd,0.184693
256,4,pd,0.186092
256,4,pd,0.183605
512,4,pd,0.744284
512,4,pd,0.738727
512,4,pd,0.74138
512,4,pd,0.748617
512,4,pd,0.693916
512,4,pd,0.697099
512,4,pd,0.714451
512,4,pd,0.668514
512,4,pd,0.494787
512,4,pd,0.741492
1024,4,pd,2.82646
1024,4,pd,3.29116
1024,4,pd,2.96606
1024,4,pd,2.82623
1024,4,pd,3.00027
1024,4,pd,2.97893
1024,4,pd,2.86036
1024,4,pd,3.6533
1024,4,pd,3.01702
1024,4,pd,2.8929
2048,4,pd,9.7358
2048,4,pd,9.59593
2048,4,pd,9.98928
2048,4,pd,8.79874
2048,4,pd,9.2338
2048,4,pd,9.48135
2048,4,pd,9.09393
2048,4,pd,9.73663
2048,4,pd,8.45392
2048,4,pd,9.25132
4096,4,pd,56.3685
4096,4,pd,57.3354
4096,4,pd,54.4266
4096,4,pd,56.2141
4096,4,pd,57.8179
4096,4,pd,55.3611
4096,4,pd,53.4338
4096,4,pd,54.9308
4096,4,pd,40.5893
4096,4,pd,58.0012
128,6,pd,0.0453455
128,6,pd,0.0466373
128,6,pd,0.0443325
128,6,pd,0.0470751
128,6,pd,0.04289
128,6,pd,0.0456645
128,6,pd,0.042153
128,6,pd,0.0419112
128,6,pd,0.0439423
128,6,pd,0.0445891
256,6,pd,0.190778
256,6,pd,0.180381
256,6,pd,0.18144
256,6,pd,0.183087
256,6,pd,0.196196
256,6,pd,0.183142
256,6,pd,0.183474
256,6,pd,0.19559
256,6,pd,0.181704
256,6,pd,0.189242
512,6,pd,0.747881
512,6,pd,0.810282
512,6,pd,0.751088
512,6,pd,0.750196
512,6,pd,0.764842
512,6,pd,0.802883
512,6,pd,0.779864
512,6,pd,0.777473
512,6,pd,0.740492
512,6,pd,0.738066
1024,6,pd,3.4102
1024,6,pd,3.0378
1024,6,pd,3.06032
1024,6,pd,3.20783
1024,6,pd,3.13788
1024,6,pd,3.59726
1024,6,pd,3.56116
1024,6,pd,3.04881
1024,6,pd,3.2283
1024,6,pd,3.08921
2048,6,pd,10.1303
2048,6,pd,10.7442
2048,6,pd,10.6115
2048,6,pd,10.6785
2048,6,pd,10.6687
2048,6,pd,10.9167
2048,6,pd,10.8798
2048,6,pd,10.2222
2048,6,pd,10.6971
2048,6,pd,10.8297
4096,6,pd,47.5871
4096,6,pd,49.5675
4096,6,pd,58.0603
4096,6,pd,51.8463
4096,6,pd,49.1479
4096,6,pd,48.3517
4096,6,pd,48.2212
4096,6,pd,52.5015
4096,6,pd,49.3766
4096,6,pd,50.8027
128,8,pd,0.0457271
128,8,pd,0.0444984
128,8,pd,0.0463898
128,8,pd,0.0436682
128,8,pd,0.044311
128,8,pd,0.0453043
128,8,pd,0.0449845
128,8,pd,0.0360367
128,8,pd,0.0443741
128,8,pd,0.043233
256,8,pd,0.174127
256,8,pd,0.18492
256,8,pd,0.192756
256,8,pd,0.175797
256,8,pd,0.18431
256,8,pd,0.157515
256,8,pd,0.157358
256,8,pd,0.158157
256,8,pd,0.159153
256,8,pd,0.163821
512,8,pd,0.650385
512,8,pd,0.740431
512,8,pd,0.725683
512,8,pd,0.772326
512,8,pd,0.760514
512,8,pd,0.759292
512,8,pd,0.752297
512,8,pd,0.730292
512,8,pd,0.735405
512,8,pd,0.799664
1024,8,pd,2.79121
1024,8,pd,2.99136
1024,8,pd,3.04215
1024,8,pd,3.03931
1024,8,pd,3.01148
1024,8,pd,3.0274
1024,8,pd,3.2198
1024,8,pd,2.90481
1024,8,pd,3.02508
1024,8,pd,3.19272
2048,8,pd,10.7619
2048,8,pd,11.8913
2048,8,pd,10.9154
2048,8,pd,12.9756
2048,8,pd,11.1678
2048,8,pd,12.8375
2048,8,pd,10.9142
2048,8,pd,11.0352
2048,8,pd,10.8805
2048,8,pd,15.0545
4096,8,pd,54.2575
4096,8,pd,55.689
4096,8,pd,48.6364
4096,8,pd,53.7571
4096,8,pd,53.1602
4096,8,pd,64.6257
4096,8,pd,53.3433
4096,8,pd,49.7578
4096,8,pd,47.4294
4096,8,pd,49.8999
128,10,pd,0.0434438
128,10,pd,0.0421016
128,10,pd,0.0439382
128,10,pd,0.0433724
128,10,pd,0.0432687
128,10,pd,0.0442447
128,10,pd,0.0412334
128,10,pd,0.0417321
128,10,pd,0.0387084
128,10,pd,0.0417955
256,10,pd,0.173074
256,10,pd,0.182423
256,10,pd,0.18232
256,10,pd,0.170055
256,10,pd,0.1819
256,10,pd,0.174693
256,10,pd,0.180683
256,10,pd,0.177014
256,10,pd,0.163795
256,10,pd,0.183334
512,10,pd,0.731525
512,10,pd,0.659704
512,10,pd,0.6888
512,10,pd,0.743764
512,10,pd,0.778288
512,10,pd,0.775826
512,10,pd,0.74513
512,10,pd,0.719262
512,10,pd,0.814947
512,10,pd,0.773686
1024,10,pd,2.7794
1024,10,pd,3.28199
1024,10,pd,2.88631
1024,10,pd,3.4296
1024,10,pd,2.9837
1024,10,pd,2.93429
1024,10,pd,3.25103
1024,10,pd,3.20744
1024,10,pd,3.14656
1024,10,pd,2.97049
2048,10,pd,11.018
2048,10,pd,11.8367
2048,10,pd,11.1637
2048,10,pd,12.6609
2048,10,pd,13.282
2048,10,pd,11.2098
2048,10,pd,12.3709
2048,10,pd,11.1018
2048,10,pd,10.9767
2048,10,pd,12.2154
4096,10,pd,50.8549
4096,10,pd,52.1307
4096,10,pd,53.6251
4096,10,pd,55.8305
4096,10,pd,53.1295
4096,10,pd,48.6322
4096,10,pd,49.556
4096,10,pd,49.4209
4096,10,pd,54.5962
4096,10,pd,53.1543
128,12,pd,0.04415
128,12,pd,0.0365849
128,12,pd,0.0433254
128,12,pd,0.0408769
128,12,pd,0.042123
128,12,pd,0.0428356
128,12,pd,0.0398589
128,12,pd,0.0470932
128,12,pd,0.0431446
128,12,pd,0.0394361
256,12,pd,0.177416
256,12,pd,0.171173
256,12,pd,0.174256
256,12,pd,0.153592
256,12,pd,0.173134
256,12,pd,0.154398
256,12,pd,0.174732
256,12,pd,0.15661
256,12,pd,0.158432
256,12,pd,0.188109
512,12,pd,0.699115
512,12,pd,0.651467
512,12,pd,0.785699
512,12,pd,0.687037
512,12,pd,0.738957
512,12,pd,0.732142
512,12,pd,0.683423
512,12,pd,0.817383
512,12,pd,0.725496
512,12,pd,1.01536
1024,12,pd,2.99902
1024,12,pd,2.83288
1024,12,pd,2.72552
1024,12,pd,3.10311
1024,12,pd,3.03546
1024,12,pd,3.51019
1024,12,pd,3.83198
1024,12,pd,2.71339
1024,12,pd,3.03009
1024,12,pd,3.07541
2048,12,pd,11.5359
2048,12,pd,11.237
2048,12,pd,11.2449
2048,12,pd,11.3856
2048,12,pd,12.0244
2048,12,pd,11.5171
2048,12,pd,12.6137
2048,12,pd,13.0371
2048,12,pd,11.2941
2048,12,pd,11.4195
4096,12,pd,56.3837
4096,12,pd,50.8736
4096,12,pd,59.9513
4096,12,pd,54.7542
4096,12,pd,54.6092
4096,12,pd,55.2323
4096,12,pd,54.5032
4096,12,pd,61.299
4096,12,pd,53.2592
4096,12,pd,52.4063
128,14,pd,0.0422792
128,14,pd,0.0409705
128,14,pd,0.0408511
128,14,pd,0.0427271
128,14,pd,0.0421703
128,14,pd,0.0414677
128,14,pd,0.0423633
128,14,pd,0.044048
128,14,pd,0.0422396
128,14,pd,0.0449191
256,14,pd,0.186119
256,14,pd,0.164583
256,14,pd,0.171737
256,14,pd,0.197802
256,14,pd,0.158432
256,14,pd,0.178458
256,14,pd,0.165673
256,14,pd,0.185971
256,14,pd,0.191282
256,14,pd,0.176144
512,14,pd,0.74828
512,14,pd,0.826904
512,14,pd,0.73826
512,14,pd,0.76139
512,14,pd,0.688796
512,14,pd,0.753209
512,14,pd,0.731245
512,14,pd,0.687883
512,14,pd,0.743527
512,14,pd,0.667288
1024,14,pd,2.98664
1024,14,pd,2.69101
1024,14,pd,3.53164
1024,14,pd,3.01016
1024,14,pd,3.03945
1024,14,pd,2.98457
1024,14,pd,3.05061
1024,14,pd,2.98555
1024,14,pd,2.94504
1024,14,pd,2.80805
2048,14,pd,11.9345
2048,14,pd,12.4155
2048,14,pd,12.2061
2048,14,pd,11.8554
2048,14,pd,11.0384
2048,14,pd,11.9842
2048,14,pd,12.0571
2048,14,pd,11.4482
2048,14,pd,11.4713
2048,14,pd,12.8686
4096,14,pd,52.4968
4096,14,pd,59.3
4096,14,pd,50.9517
4096,14,pd,56.7905
4096,14,pd,51.6367
4096,14,pd,56.7339
4096,14,pd,71.7067
4096,14,pd,57.991
4096,14,pd,54.7952
4096,14,pd,52.891
128,16,pd,0.0428601
128,16,pd,0.0424661
128,16,pd,0.0488138
128,16,pd,0.0409795
128,16,pd,0.0481604
128,16,pd,0.0422379
128,16,pd,0.0445168
128,16,pd,0.0401506
128,16,pd,0.040659
128,16,pd,0.0414597
256,16,pd,0.184095
256,16,pd,0.176376
256,16,pd,0.172831
256,16,pd,0.181683
256,16,pd,0.17856
256,16,pd,0.148934
256,16,pd,0.207622
256,16,pd,0.164328
256,16,pd,0.1776
256,16,pd,0.175043
512,16,pd,0.724171
512,16,pd,0.663578
512,16,pd,0.805413
512,16,pd,0.652466
512,16,pd,0.678816
512,16,pd,0.905554
512,16,pd,0.695798
512,16,pd,0.701636
512,16,pd,0.722365
512,16,pd,0.685632
1024,16,pd,2.80855
1024,16,pd,2.98727
1024,16,pd,2.72407
1024,16,pd,3.04848
1024,16,pd,3.43584
1024,16,pd,3.45433
1024,16,pd,3.13765
1024,16,pd,2.79225
1024,16,pd,3.1485
1024,16,pd,2.87767
2048,16,pd,12.4426
2048,16,pd,11.4851
2048,16,pd,12.1946
2048,16,pd,12.5733
2048,16,pd,12.0136
2048,16,pd,10.837
2048,16,pd,12.4144
2048,16,pd,11.5524
2048,16,pd,13.3076
2048,16,pd,11.6074
4096,16,pd,54.6532
4096,16,pd,55.5084
4096,16,pd,51.5005
4096,16,pd,53.887
4096,16,pd,54.5463
4096,16,pd,58.9627
4096,16,pd,62.3724
4096,16,pd,55.2955
4096,16,pd,58.8082
4096,16,pd,59.112
128,18,pd,0.048933
128,18,pd,0.0428194
128,18,pd,0.0431747
128,18,pd,0.0485034
128,18,pd,0.0436033
128,18,pd,0.0409883
128,18,pd,0.0409539
128,18,pd,0.0400438
128,18,pd,0.0406203
128,18,pd,0.0403321
256,18,pd,0.187748
256,18,pd,0.176415
256,18,pd,0.176675
256,18,pd,0.172192
256,18,pd,0.180002
256,18,pd,0.15802
256,18,pd,0.172552
256,18,pd,0.178073
256,18,pd,0.186337
256,18,pd,0.171856
512,18,pd,0.696394
512,18,pd,0.811176
512,18,pd,0.783383
512,18,pd,0.643988
512,18,pd,0.67969
512,18,pd,0.747112
512,18,pd,0.789445
512,18,pd,0.681024
512,18,pd,0.738982
512,18,pd,1.03794
1024,18,pd,3.13008
1024,18,pd,3.00842
1024,18,pd,3.2043
1024,18,pd,2.92654
1024,18,pd,2.73822
1024,18,pd,3.22289
1024,18,pd,2.81143
1024,18,pd,3.09984
1024,18,pd,3.11157
1024,18,pd,2.86391
2048,18,pd,12.9179
2048,18,pd,13.32
2048,18,pd,12.4619
2048,18,pd,12.3152
2048,18,pd,12.3786
2048,18,pd,11.8173
2048,18,pd,11.5268
2048,18,pd,12.2231
2048,18,pd,13.9573
2048,18,pd,13.6655
4096,18,pd,62.4866
4096,18,pd,59.6067
4096,18,pd,55.8116
4096,18,pd,51.233
4096,18,pd,58.6557
4096,18,pd,57.3732
4096,18,pd,55.9344
4096,18,pd,51.9067
4096,18,pd,56.7438
4096,18,pd,58.5812
128,20,pd,0.0417438
128,20,pd,0.0498909
128,20,pd,0.0420845
128,20,pd,0.0408855
128,20,pd,0.0454622
128,20,pd,0.0404611
128,20,pd,0.0423119
128,20,pd,0.0417701
128,20,pd,0.0425556
128,20,pd,0.0524878
256,20,pd,0.171364
256,20,pd,0.17116
256,20,pd,0.184184
256,20,pd,0.165107
256,20,pd,0.172849
256,20,pd,0.180557
256,20,pd,0.171294
256,20,pd,0.197736
256,20,pd,0.182105
256,20,pd,0.185598
512,20,pd,0.826086
512,20,pd,0.655908
512,20,pd,0.787516
512,20,pd,0.687471
512,20,pd,0.666286
512,20,pd,0.804436
512,20,pd,0.670681
512,20,pd,0.783674
512,20,pd,0.778594
512,20,pd,0.644891
1024,20,pd,3.26111
1024,20,pd,3.24969
1024,20,pd,3.00048
1024,20,pd,2.78234
1024,20,pd,3.22255
1024,20,pd,3.12204
1024,20,pd,2.77543
1024,20,pd,3.06705
1024,20,pd,2.8917
1024,20,pd,2.76284
2048,20,pd,11.8231
2048,20,pd,13.0258
2048,20,pd,12.411
2048,20,pd,12.4625
2048,20,pd,12.5203
2048,20,pd,12.8679
2048,20,pd,12.5498
2048,20,pd,14.733
2048,20,pd,12.8411
2048,20,pd,12.5299
4096,20,pd,59.5516
4096,20,pd,59.7943
4096,20,pd,58.0954
4096,20,pd,58.1544
4096,20,pd,59.987
4096,20,pd,59.8297
4096,20,pd,60.928
4096,20,pd,59.6643
4096,20,pd,52.8008
4096,20,pd,59.2568
128,22,pd,0.0432785
128,22,pd,0.054667
128,22,pd,0.0408595
128,22,pd,0.0444764
128,22,pd,0.0422293
128,22,pd,0.041709
128,22,pd,0.0450503
128,22,pd,0.0455855
128,22,pd,0.0494898
128,22,pd,0.0442426
256,22,pd,0.193097
256,22,pd,0.164739
256,22,pd,0.172097
256,22,pd,0.194957
256,22,pd,0.179649
256,22,pd,0.17975
256,22,pd,0.167736
256,22,pd,0.173679
256,22,pd,0.177593
256,22,pd,0.16384
512,22,pd,0.981664
512,22,pd,0.641235
512,22,pd,0.689947
512,22,pd,0.682408
512,22,pd,0.643681
512,22,pd,0.806722
512,22,pd,0.699519
512,22,pd,0.6675
512,22,pd,0.725676
512,22,pd,0.68698
1024,22,pd,3.2749
1024,22,pd,2.95963
1024,22,pd,3.30875
1024,22,pd,3.09443
1024,22,pd,2.73763
1024,22,pd,3.23755
1024,22,pd,3.36853
1024,22,pd,3.16287
1024,22,pd,3.15088
1024,22,pd,3.65645
2048,22,pd,11.8003
2048,22,pd,11.3329
2048,22,pd,13.0691
2048,22,pd,11.7172
2048,22,pd,15.2348
2048,22,pd,12.6114
2048,22,pd,11.9242
2048,22,pd,12.1151
2048,22,pd,11.5802
2048,22,pd,14.2171
4096,22,pd,62.9462
4096,22,pd,56.7037
4096,22,pd,50.0415
4096,22,pd,52.2619
4096,22,pd,54.4257
4096,22,pd,55.8725
4096,22,pd,57.5568
4096,22,pd,60.0322
4096,22,pd,66.4181
4096,22,pd,60.8197
128,24,pd,0.0499536
128,24,pd,0.0443126
128,24,pd,0.044989
128,24,pd,0.0414845
128,24,pd,0.0520158
128,24,pd,0.0455499
128,24,pd,0.0438622
128,24,pd,0.0534081
128,24,pd,0.0421509
128,24,pd,0.0519831
256,24,pd,0.17695
256,24,pd,0.138258
256,24,pd,0.199159
256,24,pd,0.16022
256,24,pd,0.186605
256,24,pd,0.192094
256,24,pd,0.181657
256,24,pd,0.205967
256,24,pd,0.220686
256,24,pd,0.221536
512,24,pd,0.902059
512,24,pd,0.729347
512,24,pd,0.797648
512,24,pd,0.709198
512,24,pd,0.851391
512,24,pd,0.798913
512,24,pd,0.83016
512,24,pd,0.746664
512,24,pd,0.65075
512,24,pd,0.70918
1024,24,pd,3.30964
1024,24,pd,3.05425
1024,24,pd,2.75864
1024,24,pd,3.15846
1024,24,pd,2.78284
1024,24,pd,2.90766
1024,24,pd,3.02354
1024,24,pd,2.82431
1024,24,pd,3.12869
1024,24,pd,2.73347
2048,24,pd,11.4137
2048,24,pd,11.8412
2048,24,pd,11.5732
2048,24,pd,13.6821
2048,24,pd,12.2105
2048,24,pd,12.4801
2048,24,pd,11.6638
2048,24,pd,11.3829
2048,24,pd,12.4906
2048,24,pd,13.165
4096,24,pd,58.2939
4096,24,pd,51.9211
4096,24,pd,55.4673
4096,24,pd,56.8647
4096,24,pd,55.6512
4096,24,pd,57.8281
4096,24,pd,53.7269
4096,24,pd,58.3254
4096,24,pd,51.2143
4096,24,pd,56.0514
128,26,pd,0.0515898
128,26,pd,0.047968
128,26,pd,0.0452608
128,26,pd,0.0474529
128,26,pd,0.0610692
128,26,pd,0.0452374
128,26,pd,0.0418795
128,26,pd,0.0456493
128,26,pd,0.0432599
128,26,pd,0.0467663
256,26,pd,0.181049
256,26,pd,0.188259
256,26,pd,0.227938
256,26,pd,0.203527
256,26,pd,0.198286
256,26,pd,0.203973
256,26,pd,0.19483
256,26,pd,0.181588
256,26,pd,0.190976
256,26,pd,0.196813
512,26,pd,0.754781
512,26,pd,0.636686
512,26,pd,0.64862
512,26,pd,0.783754
512,26,pd,0.747151
512,26,pd,0.78954
512,26,pd,0.847911
512,26,pd,0.660108
512,26,pd,0.811538
512,26,pd,0.941288
1024,26,pd,2.83676
1024,26,pd,3.30936
1024,26,pd,3.30257
1024,26,pd,3.47042
1024,26,pd,2.83384
1024,26,pd,3.32794
1024,26,pd,3.00292
1024,26,pd,3.21683
1024,26,pd,3.3159
1024,26,pd,3.53679
2048,26,pd,16.7955
2048,26,pd,12.9167
2048,26,pd,14.7136
2048,26,pd,11.7502
2048,26,pd,12.4198
2048,26,pd,12.1991
2048,26,pd,16.5218
2048,26,pd,13.0398
2048,26,pd,12.8095
2048,26,pd,12.8476
4096,26,pd,50.7594
4096,26,pd,53.8046
4096,26,pd,50.5897
4096,26,pd,65.4221
4096,26,pd,60.4084
4096,26,pd,59.6176
4096,26,pd,57.7895
4096,26,pd,51.3705
4096,26,pd,55.5726
4096,26,pd,54.9933
128,28,pd,0.0453605
128,28,pd,0.0565241
128,28,pd,0.049827
128,28,pd,0.0507974
128,28,pd,0.0533246
128,28,pd,0.052694
128,28,pd,0.0529575
128,28,pd,0.052578
128,28,pd,0.0521679
128,28,pd,0.0484512
256,28,pd,0.167351
256,28,pd,0.16511
256,28,pd,0.203072
256,28,pd,0.187713
256,28,pd,0.175442
256,28,pd,0.195402
256,28,pd,0.185341
256,28,pd,0.216951
256,28,pd,0.203896
256,28,pd,0.169245
512,28,pd,0.792636
512,28,pd,0.694048
512,28,pd,0.805772
512,28,pd,0.819712
512,28,pd,0.784835
512,28,pd,0.784724
512,28,pd,0.742461
512,28,pd,0.836481
512,28,pd,0.663056
512,28,pd,0.750829
1024,28,pd,3.2559
1024,28,pd,3.04769
1024,28,pd,2.97136
1024,28,pd,3.45662
1024,28,pd,3.21857
1024,28,pd,3.00722
1024,28,pd,3.36389
1024,28,pd,2.99211
1024,28,pd,3.16688
1024,28,pd,3.28271
2048,28,pd,13.4116
2048,28,pd,12.5558
2048,28,pd,12.2257
2048,28,pd,14.6331
2048,28,pd,13.2242
2048,28,pd,13.4724
2048,28,pd,12.439
2048,28,pd,12.7048
2048,28,pd,13.0915
2048,28,pd,13.0717
4096,28,pd,57.3958
4096,28,pd,54.144
4096,28,pd,58.2773
4096,28,pd,58.6644
4096,28,pd,57.5523
4096,28,pd,50.5813
4096,28,pd,57.5711
4096,28,pd,59.6027
4096,28,pd,58.1152
4096,28,pd,58.5314
128,30,pd,0.0461152
128,30,pd,0.0544375
128,30,pd,0.0506062
128,30,pd,0.0544977
128,30,pd,0.0585049
128,30,pd,0.0545377
128,30,pd,0.055194
128,30,pd,0.0498115
128,30,pd,0.0534662
128,30,pd,0.0556604
256,30,pd,0.186455
256,30,pd,0.203547
256,30,pd,0.181733
256,30,pd,0.19653
256,30,pd,0.205153
256,30,pd,0.179001
256,30,pd,0.216575
256,30,pd,0.229743
256,30,pd,0.178179
256,30,pd,0.177899
512,30,pd,0.756634
512,30,pd,0.870232
512,30,pd,0.731994
512,30,pd,0.845284
512,30,pd,0.899812
512,30,pd,0.741779
512,30,pd,0.875144
512,30,pd,0.869118
512,30,pd,0.863914
512,30,pd,0.743959
1024,30,pd,3.33688
1024,30,pd,3.55435
1024,30,pd,3.58006
1024,30,pd,3.30365
1024,30,pd,3.56381
1024,30,pd,2.82186
1024,30,pd,3.27932
1024,30,pd,3.34817
1024,30,pd,3.32488
1024,30,pd,3.3888
2048,30,pd,13.5397
2048,30,pd,11.7692
2048,30,pd,13.9891
2048,30,pd,11.535
2048,30,pd,11.4272
2048,30,pd,12.4325
2048,30,pd,12.9193
2048,30,pd,12.0283
2048,30,pd,12.8639
2048,30,pd,14.253
4096,30,pd,56.178
4096,30,pd,56.5186
4096,30,pd,51.5346
4096,30,pd,56.2753
4096,30,pd,53.3468
4096,30,pd,63.101
4096,30,pd,57.4224
4096,30,pd,59.9994
4096,30,pd,53.851
4096,30,pd,54.2417
128,32,pd,0.0424139
128,32,pd,0.0527147
128,32,pd,0.0447083
128,32,pd,0.0528849
128,32,pd,0.0533871
128,32,pd,0.048756
128,32,pd,0.0578626
128,32,pd,0.0443252
128,32,pd,0.0532251
128,32,pd,0.0448319
256,32,pd,0.205137
256,32,pd,0.216922
256,32,pd,0.197715
256,32,pd,0.183139
256,32,pd,0.202087
256,32,pd,0.223189
256,32,pd,0.183621
256,32,pd,0.180387
256,32,pd,0.199242
256,32,pd,0.173557
512,32,pd,0.781667
512,32,pd,0.683073
512,32,pd,0.780516
512,32,pd,0.89573
512,32,pd,0.716178
512,32,pd,0.821563
512,32,pd,0.816754
512,32,pd,0.791333
512,32,pd,0.744088
512,32,pd,0.67982
1024,32,pd,2.962
1024,32,pd,3.22226
1024,32,pd,2.83061
1024,32,pd,3.09977
1024,32,pd,3.28349
1024,32,pd,2.89507
1024,32,pd,3.39214
1024,32,pd,4.16577
1024,32,pd,3.70669
1024,32,pd,3.33448
2048,32,pd,12.0872
2048,32,pd,12.509
2048,32,pd,12.6873
2048,32,pd,12.3187
2048,32,pd,11.9994
2048,32,pd,13.9704
2048,32,pd,12.9019
2048,32,pd,13.3057
2048,32,pd,15.7057
2048,32,pd,11.6748
4096,32,pd,53.3402
4096,32,pd,57.8833
4096,32,pd,65.8677
4096,32,pd,54.7461
4096,32,pd,56.7462
4096,32,pd,50.6867
4096,32,pd,58.9878
4096,32,pd,56.291
4096,32,pd,60.0627
4096,32,pd,63.0672
128,34,pd,0.0517984
128,34,pd,0.0476529
128,34,pd,0.0484926
128,34,pd,0.0436921
128,34,pd,0.0460979
128,34,pd,0.0562091
128,34,pd,0.0536262
128,34,pd,0.0483726
128,34,pd,0.0469464
128,34,pd,0.0491241
256,34,pd,0.187899
256,34,pd,0.168178
256,34,pd,0.176634
256,34,pd,0.184365
256,34,pd,0.189994
256,34,pd,0.198944
256,34,pd,0.207909
256,34,pd,0.182907
256,34,pd,0.196307
256,34,pd,0.20172
512,34,pd,0.772206
512,34,pd,0.737783
512,34,pd,0.751216
512,34,pd,0.766861
512,34,pd,0.729372
512,34,pd,0.778566
512,34,pd,0.737202
512,34,pd,0.662197
512,34,pd,0.825711
512,34,pd,0.727534
1024,34,pd,3.25527
1024,34,pd,3.65549
1024,34,pd,3.14397
1024,34,pd,3.28267
1024,34,pd,3.10691
1024,34,pd,3.15475
1024,34,pd,3.34533
1024,34,pd,2.96528
1024,34,pd,3.27236
1024,34,pd,3.20791
2048,34,pd,13.217
2048,34,pd,12.5122
2048,34,pd,12.7136
2048,34,pd,15.4872
2048,34,pd,13.2599
2048,34,pd,12.0868
2048,34,pd,12.2371
2048,34,pd,15.405
2048,34,pd,12.7571
2048,34,pd,11.8632
4096,34,pd,68.0923
4096,34,pd,55.8523
4096,34,pd,56.0476
4096,34,pd,57.8979
4096,34,pd,61.7214
4096,34,pd,56.5665
4096,34,pd,50.8126
4096,34,pd,55.1928
4096,34,pd,51.8938
4096,34,pd,54.3127
128,36,pd,0.0423201
128,36,pd,0.0532892
128,36,pd,0.0512971
128,36,pd,0.0566195
128,36,pd,0.0506381
128,36,pd,0.0578519
128,36,pd,0.0475923
128,36,pd,0.049238
128,36,pd,0.0549462
128,36,pd,0.0517094
256,36,pd,0.204454
256,36,pd,0.198871
256,36,pd,0.201806
256,36,pd,0.184926
256,36,pd,0.201227
256,36,pd,0.181297
256,36,pd,0.193387
256,36,pd,0.21958
256,36,pd,0.17471
256,36,pd,0.204668
512,36,pd,0.789146
512,36,pd,0.804084
512,36,pd,0.828145
512,36,pd,0.765221
512,36,pd,0.814176
512,36,pd,0.886453
512,36,pd,0.849138
512,36,pd,0.84047
512,36,pd,0.895514
512,36,pd,0.840574
1024,36,pd,3.20515
1024,36,pd,3.09478
1024,36,pd,3.40481
1024,36,pd,3.2374
1024,36,pd,3.49764
1024,36,pd,3.47604
1024,36,pd,2.95606
1024,36,pd,3.39683
1024,36,pd,3.75098
1024,36,pd,3.82767
2048,36,pd,13.2904
2048,36,pd,11.7156
2048,36,pd,13.2141
2048,36,pd,15.2242
2048,36,pd,12.973
2048,36,pd,12.6679
2048,36,pd,12.243
2048,36,pd,13.6339
2048,36,pd,12.2883
2048,36,pd,12.9023
4096,36,pd,62.1846
4096,36,pd,57.9049
4096,36,pd,59.9687
4096,36,pd,53.5021
4096,36,pd,54.4812
4096,36,pd,57.1036
4096,36,pd,54.2603
4096,36,pd,55.5807
4096,36,pd,52.9941
4096,36,pd,51.7868
128,38,pd,0.0475928
128,38,pd,0.052748
128,38,pd,0.0490076
128,38,pd,0.0519126
128,38,pd,0.0451697
128,38,pd,0.0546315
128,38,pd,0.0531041
128,38,pd,0.0515483
128,38,pd,0.0501486
128,38,pd,0.0512763
256,38,pd,0.185262
256,38,pd,0.180812
256,38,pd,0.223775
256,38,pd,0.222322
256,38,pd,0.208481
256,38,pd,0.179444
256,38,pd,0.178739
256,38,pd,0.197269
256,38,pd,0.179522
256,38,pd,0.192134
512,38,pd,0.850037
512,38,pd,0.798615
512,38,pd,0.728675
512,38,pd,0.837936
512,38,pd,0.742661
512,38,pd,0.813779
512,38,pd,0.752191
512,38,pd,0.798857
512,38,pd,0.750755
512,38,pd,0.727783
1024,38,pd,3.633
1024,38,pd,3.07426
1024,38,pd,3.38279
1024,38,pd,4.01687
1024,38,pd,3.49865
1024,38,pd,3.55383
1024,38,pd,3.30244
1024,38,pd,3.39459
1024,38,pd,3.09492
1024,38,pd,3.68796
2048,38,pd,12.7813
2048,38,pd,13.9242
2048,38,pd,12.7091
2048,38,pd,12.8386
2048,38,pd,12.2091
2048,38,pd,13.0516
2048,38,pd,13.3104
2048,38,pd,12.7033
2048,38,pd,13.244
2048,38,pd,12.5932
4096,38,pd,57.3014
4096,38,pd,54.1324
4096,38,pd,53.7232
4096,38,pd,54.1997
4096,38,pd,57.6848
4096,38,pd,54.216
4096,38,pd,56.0281
4096,38,pd,57.2897
4096,38,pd,53.8942
4096,38,pd,55.439
128,40,pd,0.057634
128,40,pd,0.0539618
128,40,pd,0.0595199
128,40,pd,0.0518333
128,40,pd,0.0491208
128,40,pd,0.0458353
128,40,pd,0.0485469
128,40,pd,0.0579008
128,40,pd,0.0577035
128,40,pd,0.0556185
256,40,pd,0.203615
256,40,pd,0.188772
256,40,pd,0.198291
256,40,pd,0.180605
256,40,pd,0.188667
256,40,pd,0.222027
256,40,pd,0.230095
256,40,pd,0.213901
256,40,pd,0.209842
256,40,pd,0.192381
512,40,pd,0.802062
512,40,pd,0.846097
512,40,pd,0.746442
512,40,pd,0.926683
512,40,pd,0.825206
512,40,pd,0.847514
512,40,pd,0.810862
512,40,pd,0.93345
512,40,pd,0.79798
512,40,pd,0.893051
1024,40,pd,3.35548
1024,40,pd,3.26489
1024,40,pd,3.43008
1024,40,pd,3.42365
1024,40,pd,3.51625
1024,40,pd,3.30291
1024,40,pd,3.31158
1024,40,pd,3.59282
1024,40,pd,3.15713
1024,40,pd,3.18447
2048,40,pd,13.6065
2048,40,pd,13.4294
2048,40,pd,13.8569
2048,40,pd,12.8368
2048,40,pd,13.1383
2048,40,pd,12.8896
2048,40,pd,13.9397
2048,40,pd,13.4778
2048,40,pd,12.5493
2048,40,pd,13.2062
4096,40,pd,55.3484
4096,40,pd,55.8809
4096,40,pd,54.7459
4096,40,pd,57.5011
4096,40,pd,53.7701
4096,40,pd,65.9253
4096,40,pd,54.4932
4096,40,pd,58.9089
4096,40,pd,55.7825
4096,40,pd,58.9591
