128,1,ps,0.0829806
128,1,ps,0.0821292
128,1,ps,0.0820885
128,1,ps,0.0809449
128,1,ps,0.0803124
128,1,ps,0.0810616
128,1,ps,0.0808552
128,1,ps,0.0812149
128,1,ps,0.0811769
128,1,ps,0.0809234
256,1,ps,0.0862474
256,1,ps,0.0873692
256,1,ps,0.0882613
256,1,ps,0.0871204
256,1,ps,0.0867616
256,1,ps,0.0868847
256,1,ps,0.0874561
256,1,ps,0.0868729
256,1,ps,0.0870559
256,1,ps,0.0868618
512,1,ps,0.127207
512,1,ps,0.126923
512,1,ps,0.128222
512,1,ps,0.126909
512,1,ps,0.126376
512,1,ps,0.127358
512,1,ps,0.126591
512,1,ps,0.126671
512,1,ps,0.126696
512,1,ps,0.127782
1024,1,ps,0.439998
1024,1,ps,0.438993
1024,1,ps,0.440085
1024,1,ps,0.438593
1024,1,ps,0.438591
1024,1,ps,0.438702
1024,1,ps,0.439205
1024,1,ps,0.438206
1024,1,ps,0.438028
1024,1,ps,0.438315
2048,1,ps,9.77563
2048,1,ps,10.219
2048,1,ps,9.56768
2048,1,ps,9.09913
2048,1,ps,9.56136
2048,1,ps,9.97039
2048,1,ps,9.13291
2048,1,ps,9.96141
2048,1,ps,10.5102
2048,1,ps,9.54603
4096,1,ps,105.692
4096,1,ps,105.073
4096,1,ps,105.265
4096,1,ps,106.06
4096,1,ps,105.3
4096,1,ps,104.442
4096,1,ps,105.049
4096,1,ps,105.325
4096,1,ps,105.352
4096,1,ps,104.603
128,2,ps,0.0843933
128,2,ps,0.0844282
128,2,ps,0.0828522
128,2,ps,0.0833311
128,2,ps,0.0831948
128,2,ps,0.0846081
128,2,ps,0.0836687
128,2,ps,0.0841388
128,2,ps,0.0837224
128,2,ps,0.0832467
256,2,ps,0.0901497
256,2,ps,0.091247
256,2,ps,0.0897956
256,2,ps,0.0893224
256,2,ps,0.0883694
256,2,ps,0.0886438
256,2,ps,0.0913056
256,2,ps,0.0897789
256,2,ps,0.0897747
256,2,ps,0.0889967
512,2,ps,0.116112
512,2,ps,0.118722
512,2,ps,0.117272
512,2,ps,0.116661
512,2,ps,0.117117
512,2,ps,0.116557
512,2,ps,0.115812
512,2,ps,0.116544
512,2,ps,0.117246
512,2,ps,0.116595
1024,2,ps,0.290375
1024,2,ps,0.290349
1024,2,ps,0.290297
1024,2,ps,0.290939
1024,2,ps,0.290026
1024,2,ps,0.288956
1024,2,ps,0.292873
1024,2,ps,0.291934
1024,2,ps,0.292399
1024,2,ps,0.291297
2048,2,ps,4.84244
2048,2,ps,5.08874
2048,2,ps,4.84697
2048,2,ps,4.92442
2048,2,ps,4.86569
2048,2,ps,4.75864
2048,2,ps,4.98044
2048,2,ps,4.8741
2048,2,ps,4.87639
2048,2,ps,4.83264
4096,2,ps,70.721
4096,2,ps,65.2775
4096,2,ps,69.8109
4096,2,ps,66.9509
4096,2,ps,66.3938
4096,2,ps,66.6401
4096,2,ps,69.1758
4096,2,ps,67.8174
4096,2,ps,68.9616
4096,2,ps,70.9699
128,4,ps,0.086737
128,4,ps,0.0860929
128,4,ps,0.0857589
128,4,ps,0.0851381
128,4,ps,0.0843435
128,4,ps,0.084785
128,4,ps,0.0849187
128,4,ps,0.0854154
128,4,ps,0.0856576
128,4,ps,0.0846169
256,4,ps,0.090369
256,4,ps,0.0926507
256,4,ps,0.0900348
256,4,ps,0.0909287
256,4,ps,0.0913154
256,4,ps,0.0905644
256,4,ps,0.0909699
256,4,ps,0.0905838
256,4,ps,0.0932923
256,4,ps,0.0906595
512,4,ps,0.109984
512,4,ps,0.110552
512,4,ps,0.111746
512,4,ps,0.110729
512,4,ps,0.109718
512,4,ps,0.111612
512,4,ps,0.11083
512,4,ps,0.110582
512,4,ps,0.109614
512,4,ps,0.110477
1024,4,ps,0.209638
1024,4,ps,0.210506
1024,4,ps,0.210231
1024,4,ps,0.209512
1024,4,ps,0.210527
1024,4,ps,0.211349
1024,4,ps,0.208516
1024,4,ps,0.211186
1024,4,ps,0.208138
1024,4,ps,0.211811
2048,4,ps,2.07167
2048,4,ps,2.05704
2048,4,ps,2.05835
2048,4,ps,2.05824
2048,4,ps,2.06463
2048,4,ps,2.05404
2048,4,ps,2.07144
2048,4,ps,2.06522
2048,4,ps,2.06501
2048,4,ps,2.06286
4096,4,ps,40.0898
4096,4,ps,37.5774
4096,4,ps,38.4928
4096,4,ps,38.571
4096,4,ps,38.0122
4096,4,ps,37.7781
4096,4,ps,38.6804
4096,4,ps,37.2769
4096,4,ps,37.9781
4096,4,ps,38.3203
128,6,ps,0.087833
128,6,ps,0.0865184
128,6,ps,0.0868069
128,6,ps,0.0863348
128,6,ps,0.0866831
128,6,ps,0.0866938
128,6,ps,0.0870484
128,6,ps,0.0857437
128,6,ps,0.0858809
128,6,ps,0.0866338
256,6,ps,0.0923514
256,6,ps,0.0937852
256,6,ps,0.0919791
256,6,ps,0.0914241
256,6,ps,0.0915039
256,6,ps,0.0921846
256,6,ps,0.0917617
256,6,ps,0.0915167
256,6,ps,0.0913913
256,6,ps,0.0915487
512,6,ps,0.109975
512,6,ps,0.111339
512,6,ps,0.110998
512,6,ps,0.110812
512,6,ps,0.110684
512,6,ps,0.110171
512,6,ps,0.110999
512,6,ps,0.110259
512,6,ps,0.111146
512,6,ps,0.110135
1024,6,ps,0.188907
1024,6,ps,0.189353
1024,6,ps,0.188227
1024,6,ps,0.190358
1024,6,ps,0.192428
1024,6,ps,0.190188
1024,6,ps,0.186815
1024,6,ps,0.186239
1024,6,ps,0.187078
1024,6,ps,0.188162
2048,6,ps,1.45844
2048,6,ps,1.46011
2048,6,ps,1.45802
2048,6,ps,1.44933
2048,6,ps,1.45647
2048,6,ps,1.45775
2048,6,ps,1.44583
2048,6,ps,1.45079
2048,6,ps,1.44192
2048,6,ps,1.44932
4096,6,ps,23.2678
4096,6,ps,24.1501
4096,6,ps,24.0539
4096,6,ps,24.0155
4096,6,ps,23.8812
4096,6,ps,24.0215
4096,6,ps,24.0718
4096,6,ps,24.2737
4096,6,ps,24.2667
4096,6,ps,24.2064
128,8,ps,0.0895509
128,8,ps,0.0886398
128,8,ps,0.0881178
128,8,ps,0.0886329
128,8,ps,0.0881228
128,8,ps,0.0875719
128,8,ps,0.0883463
128,8,ps,0.087196
128,8,ps,0.0882623
128,8,ps,0.0872515
256,8,ps,0.0935017
256,8,ps,0.0937415
256,8,ps,0.0946958
256,8,ps,0.0948077
256,8,ps,0.0935335
256,8,ps,0.0935088
256,8,ps,0.093946
256,8,ps,0.0931346
256,8,ps,0.0938998
256,8,ps,0.095625
512,8,ps,0.113406
512,8,ps,0.112647
512,8,ps,0.11136
512,8,ps,0.11283
512,8,ps,0.112216
512,8,ps,0.111559
512,8,ps,0.113117
512,8,ps,0.111858
512,8,ps,0.112908
512,8,ps,0.1117
1024,8,ps,0.180073
1024,8,ps,0.181116
1024,8,ps,0.183053
1024,8,ps,0.182262
1024,8,ps,0.183963
1024,8,ps,0.180448
1024,8,ps,0.183885
1024,8,ps,0.181115
1024,8,ps,0.182251
1024,8,ps,0.183682
2048,8,ps,1.15398
2048,8,ps,1.14098
2048,8,ps,1.13943
2048,8,ps,1.14244
2048,8,ps,1.14671
2048,8,ps,1.1472
2048,8,ps,1.13285
2048,8,ps,1.13811
2048,8,ps,1.13707
2048,8,ps,1.13771
4096,8,ps,14.833
4096,8,ps,14.7048
4096,8,ps,14.6768
4096,8,ps,14.3959
4096,8,ps,14.5823
4096,8,ps,14.5344
4096,8,ps,14.5829
4096,8,ps,14.459
4096,8,ps,14.5482
4096,8,ps,14.6565
128,10,ps,0.0907787
128,10,ps,0.0886151
128,10,ps,0.0891673
128,10,ps,0.0892316
128,10,ps,0.0880041
128,10,ps,0.0885202
128,10,ps,0.0884905
128,10,ps,0.0889526
128,10,ps,0.0879779
128,10,ps,0.0881566
256,10,ps,0.112636
256,10,ps,0.0952462
256,10,ps,0.0952683
256,10,ps,0.0961266
256,10,ps,0.0954515
256,10,ps,0.0952832
256,10,ps,0.0955241
256,10,ps,0.0959722
256,10,ps,0.0944289
256,10,ps,0.0954293
512,10,ps,0.11309
512,10,ps,0.115056
512,10,ps,0.113432
512,10,ps,0.113052
512,10,ps,0.11332
512,10,ps,0.114625
512,10,ps,0.112355
512,10,ps,0.114754
512,10,ps,0.112684
512,10,ps,0.114053
1024,10,ps,0.179369
1024,10,ps,0.176938
1024,10,ps,0.178967
1024,10,ps,0.18057
1024,10,ps,0.17775
1024,10,ps,0.178552
1024,10,ps,0.177817
1024,10,ps,0.180244
1024,10,ps,0.181037
1024,10,ps,0.179257
2048,10,ps,0.968415
2048,10,ps,0.959499
2048,10,ps,0.969909
2048,10,ps,0.964487
2048,10,ps,0.953069
2048,10,ps,0.976746
2048,10,ps,0.975663
2048,10,ps,0.978355
2048,10,ps,0.973433
2048,10,ps,0.961547
4096,10,ps,10.6803
4096,10,ps,10.7614
4096,10,ps,10.7481
4096,10,ps,10.7403
4096,10,ps,10.8075
4096,10,ps,10.7594
4096,10,ps,10.9186
4096,10,ps,10.7858
4096,10,ps,10.8287
4096,10,ps,10.805
128,12,ps,0.0911939
128,12,ps,0.0961661
128,12,ps,0.0910451
128,12,ps,0.0909785
128,12,ps,0.089663
128,12,ps,0.0894591
128,12,ps,0.0892684
128,12,ps,0.0906353
128,12,ps,0.0927158
128,12,ps,0.0889195
256,12,ps,0.0992281
256,12,ps,0.0970884
256,12,ps,0.0996998
256,12,ps,0.0964678
256,12,ps,0.0985553
256,12,ps,0.0978258
256,12,ps,0.0979931
256,12,ps,0.0974648
256,12,ps,0.098857
256,12,ps,0.0961298
512,12,ps,0.116801
512,12,ps,0.116085
512,12,ps,0.116871
512,12,ps,0.114773
512,12,ps,0.117108
512,12,ps,0.117943
512,12,ps,0.1146
512,12,ps,0.116831
512,12,ps,0.113101
512,12,ps,0.114788
1024,12,ps,0.176783
1024,12,ps,0.177799
1024,12,ps,0.181079
1024,12,ps,0.175634
1024,12,ps,0.178367
1024,12,ps,0.182698
1024,12,ps,0.184972
1024,12,ps,0.182253
1024,12,ps,0.182012
1024,12,ps,0.177506
2048,12,ps,0.848449
2048,12,ps,0.8504
2048,12,ps,0.856575
2048,12,ps,0.861748
2048,12,ps,0.849414
2048,12,ps,0.862936
2048,12,ps,0.859297
2048,12,ps,0.841967
2048,12,ps,0.852187
2048,12,ps,0.848299
4096,12,ps,8.91458
4096,12,ps,8.82145
4096,12,ps,8.80736
4096,12,ps,8.7814
4096,12,ps,8.87941
4096,12,ps,8.91029
4096,12,ps,8.94939
4096,12,ps,8.8971
4096,12,ps,8.82633
4096,12,ps,8.88562
128,14,ps,0.0928331
128,14,ps,0.091995
128,14,ps,0.0912582
128,14,ps,0.0908595
128,14,ps,0.0914673
128,14,ps,0.0904048
128,14,ps,0.0916409
128,14,ps,0.0919794
128,14,ps,0.0904428
128,14,ps,0.0919324
256,14,ps,0.102024
256,14,ps,0.0997223
256,14,ps,0.100224
256,14,ps,0.0993567
256,14,ps,0.0976434
256,14,ps,0.0991924
256,14,ps,0.0988998
256,14,ps,0.0988943
256,14,ps,0.0975156
256,14,ps,0.100257
512,14,ps,0.119945
512,14,ps,0.118346
512,14,ps,0.120611
512,14,ps,0.11746
512,14,ps,0.117279
512,14,ps,0.119907
512,14,ps,0.11904
512,14,ps,0.11922
512,14,ps,0.122298
512,14,ps,0.119496
1024,14,ps,0.180717
1024,14,ps,0.176353
1024,14,ps,0.177311
1024,14,ps,0.179926
1024,14,ps,0.177058
1024,14,ps,0.188929
1024,14,ps,0.178736
1024,14,ps,0.182953
1024,14,ps,0.183713
1024,14,ps,0.186531
2048,14,ps,0.766297
2048,14,ps,0.773654
2048,14,ps,0.776902
2048,14,ps,0.784379
2048,14,ps,0.772789
2048,14,ps,0.777061
2048,14,ps,0.79028
2048,14,ps,0.797687
2048,14,ps,0.779552
2048,14,ps,0.773956
4096,14,ps,7.90392
4096,14,ps,7.69297
4096,14,ps,7.85417
4096,14,ps,7.81516
4096,14,ps,7.74114
4096,14,ps,7.77618
4096,14,ps,7.83579
4096,14,ps,8.00686
4096,14,ps,7.59211
4096,14,ps,7.79976
128,16,ps,0.0939609
128,16,ps,0.0912285
128,16,ps,0.0912944
128,16,ps,0.0921823
128,16,ps,0.0925664
128,16,ps,0.0916304
128,16,ps,0.0911137
128,16,ps,0.0920794
128,16,ps,0.0929518
128,16,ps,0.0921727
256,16,ps,0.113536
256,16,ps,0.103436
256,16,ps,0.101899
256,16,ps,0.101605
256,16,ps,0.102778
256,16,ps,0.100145
256,16,ps,0.102183
256,16,ps,0.100583
256,16,ps,0.100777
256,16,ps,0.101408
512,16,ps,0.121383
512,16,ps,0.123663
512,16,ps,0.125889
512,16,ps,0.125809
512,16,ps,0.119985
512,16,ps,0.120286
512,16,ps,0.120469
512,16,ps,0.12146
512,16,ps,0.123923
512,16,ps,0.121226
1024,16,ps,0.188701
1024,16,ps,0.186719
1024,16,ps,0.186493
1024,16,ps,0.19621
1024,16,ps,0.186988
1024,16,ps,0.183319
1024,16,ps,0.188625
1024,16,ps,0.184552
1024,16,ps,0.188412
1024,16,ps,0.186891
2048,16,ps,0.731425
2048,16,ps,0.727708
2048,16,ps,0.729001
2048,16,ps,0.73919
2048,16,ps,0.721566
2048,16,ps,0.723673
2048,16,ps,0.749479
2048,16,ps,0.752171
2048,16,ps,0.741895
2048,16,ps,0.736324
4096,16,ps,6.73745
4096,16,ps,6.8732
4096,16,ps,6.6854
4096,16,ps,6.80415
4096,16,ps,6.78815
4096,16,ps,6.83809
4096,16,ps,6.81281
4096,16,ps,6.79846
4096,16,ps,6.89095
4096,16,ps,6.80917
128,18,ps,0.0966618
128,18,ps,0.094461
128,18,ps,0.0938083
128,18,ps,0.0934299
128,18,ps,0.0934604
128,18,ps,0.0939011
128,18,ps,0.0935134
128,18,ps,0.0943058
128,18,ps,0.0934305
128,18,ps,0.0930332
256,18,ps,0.106025
256,18,ps,0.104215
256,18,ps,0.104351
256,18,ps,0.103078
256,18,ps,0.102135
256,18,ps,0.10187
256,18,ps,0.103068
256,18,ps,0.101342
256,18,ps,0.103194
256,18,ps,0.102768
512,18,ps,0.124471
512,18,ps,0.123106
512,18,ps,0.125341
512,18,ps,0.125452
512,18,ps,0.127038
512,18,ps,0.124061
512,18,ps,0.123093
512,18,ps,0.125487
512,18,ps,0.127226
512,18,ps,0.126064
1024,18,ps,0.184874
1024,18,ps,0.194571
1024,18,ps,0.189721
1024,18,ps,0.185736
1024,18,ps,0.194324
1024,18,ps,0.19294
1024,18,ps,0.1878
1024,18,ps,0.185237
1024,18,ps,0.193732
1024,18,ps,0.187946
2048,18,ps,0.697645
2048,18,ps,0.685735
2048,18,ps,0.680922
2048,18,ps,0.684587
2048,18,ps,0.689988
2048,18,ps,0.704212
2048,18,ps,0.670669
2048,18,ps,0.688712
2048,18,ps,0.697952
2048,18,ps,0.681077
4096,18,ps,6.64242
4096,18,ps,6.62651
4096,18,ps,6.73623
4096,18,ps,6.79152
4096,18,ps,6.85586
4096,18,ps,6.69674
4096,18,ps,6.83369
4096,18,ps,6.70542
4096,18,ps,6.83252
4096,18,ps,6.80006
128,20,ps,0.0975955
128,20,ps,0.097703
128,20,ps,0.0967445
128,20,ps,0.0946034
128,20,ps,0.0947707
128,20,ps,0.0954259
128,20,ps,0.094295
128,20,ps,0.0968581
128,20,ps,0.0951037
128,20,ps,0.0959672
256,20,ps,0.106846
256,20,ps,0.103551
256,20,ps,0.103641
256,20,ps,0.105133
256,20,ps,0.103677
256,20,ps,0.104412
256,20,ps,0.106608
256,20,ps,0.106147
256,20,ps,0.104841
256,20,ps,0.107755
512,20,ps,0.130581
512,20,ps,0.130125
512,20,ps,0.126
512,20,ps,0.127783
512,20,ps,0.126118
512,20,ps,0.125961
512,20,ps,0.127912
512,20,ps,0.128481
512,20,ps,0.129319
512,20,ps,0.129682
1024,20,ps,0.200172
1024,20,ps,0.193607
1024,20,ps,0.196246
1024,20,ps,0.196482
1024,20,ps,0.190761
1024,20,ps,0.186866
1024,20,ps,0.196808
1024,20,ps,0.198249
1024,20,ps,0.192391
1024,20,ps,0.193044
2048,20,ps,0.674953
2048,20,ps,0.656435
2048,20,ps,0.652036
2048,20,ps,0.648217
2048,20,ps,0.65904
2048,20,ps,0.673046
2048,20,ps,0.644151
2048,20,ps,0.643899
2048,20,ps,0.680969
2048,20,ps,0.656755
4096,20,ps,6.15711
4096,20,ps,6.09607
4096,20,ps,6.05207
4096,20,ps,6.03667
4096,20,ps,6.17302
4096,20,ps,5.94374
4096,20,ps,6.08986
4096,20,ps,6.04632
4096,20,ps,5.88867
4096,20,ps,5.99155
128,22,ps,0.0994424
128,22,ps,0.0948925
128,22,ps,0.0952487
128,22,ps,0.0953531
128,22,ps,0.0950913
128,22,ps,0.0963552
128,22,ps,0.0967789
128,22,ps,0.0957784
128,22,ps,0.096797
128,22,ps,0.0950746
256,22,ps,0.107946
256,22,ps,0.10718
256,22,ps,0.108532
256,22,ps,0.108588
256,22,ps,0.106647
256,22,ps,0.109035
256,22,ps,0.106664
256,22,ps,0.108714
256,22,ps,0.106686
256,22,ps,0.106018
512,22,ps,0.133486
512,22,ps,0.135198
512,22,ps,0.130231
512,22,ps,0.133361
512,22,ps,0.131209
512,22,ps,0.134712
512,22,ps,0.132001
512,22,ps,0.128133
512,22,ps,0.129524
512,22,ps,0.128141
1024,22,ps,0.200501
1024,22,ps,0.203527
1024,22,ps,0.201313
1024,22,ps,0.204797
1024,22,ps,0.198866
1024,22,ps,0.199928
1024,22,ps,0.197554
1024,22,ps,0.204728
1024,22,ps,0.194725
1024,22,ps,0.19541
2048,22,ps,0.644599
2048,22,ps,0.637862
2048,22,ps,0.648681
2048,22,ps,0.635537
2048,22,ps,0.662772
2048,22,ps,0.648429
2048,22,ps,0.632972
2048,22,ps,0.644659
2048,22,ps,0.647403
2048,22,ps,0.644408
4096,22,ps,5.58573
4096,22,ps,5.48899
4096,22,ps,5.62953
4096,22,ps,5.57551
4096,22,ps,5.72089
4096,22,ps,5.57271
4096,22,ps,5.60865
4096,22,ps,5.48413
4096,22,ps,5.47776
4096,22,ps,5.47175
128,24,ps,0.09978
128,24,ps,0.100021
128,24,ps,0.09652
128,24,ps,0.0970446
128,24,ps,0.0977853
128,24,ps,0.0976034
128,24,ps,0.0961127
128,24,ps,0.09707
128,24,ps,0.0974558
128,24,ps,0.0988455
256,24,ps,0.109019
256,24,ps,0.135185
256,24,ps,0.126871
256,24,ps,0.11154
256,24,ps,0.121246
256,24,ps,0.109949
256,24,ps,0.107127
256,24,ps,0.108875
256,24,ps,0.110545
256,24,ps,0.110706
512,24,ps,0.137481
512,24,ps,0.135286
512,24,ps,0.132143
512,24,ps,0.133402
512,24,ps,0.13666
512,24,ps,0.134012
512,24,ps,0.132692
512,24,ps,0.137333
512,24,ps,0.132149
512,24,ps,0.133679
1024,24,ps,0.202862
1024,24,ps,0.193188
1024,24,ps,0.202817
1024,24,ps,0.194992
1024,24,ps,0.207917
1024,24,ps,0.201931
1024,24,ps,0.202075
1024,24,ps,0.208573
1024,24,ps,0.207022
1024,24,ps,0.202662
2048,24,ps,0.640277
2048,24,ps,0.621556
2048,24,ps,0.621015
2048,24,ps,0.638435
2048,24,ps,0.643491
2048,24,ps,0.620676
2048,24,ps,0.616514
2048,24,ps,0.644457
2048,24,ps,0.645796
2048,24,ps,0.625791
4096,24,ps,5.0423
4096,24,ps,5.1533
4096,24,ps,5.19599
4096,24,ps,5.03011
4096,24,ps,5.10364
4096,24,ps,4.99813
4096,24,ps,5.2092
4096,24,ps,5.04766
4096,24,ps,5.1899
4096,24,ps,5.10714
128,26,ps,0.0995046
128,26,ps,0.0977273
128,26,ps,0.0973012
128,26,ps,0.0986826
128,26,ps,0.0976879
128,26,ps,0.0969179
128,26,ps,0.0967973
128,26,ps,0.099144
128,26,ps,0.0991113
128,26,ps,0.0973526
256,26,ps,0.109841
256,26,ps,0.110759
256,26,ps,0.109322
256,26,ps,0.111957
256,26,ps,0.110138
256,26,ps,0.109241
256,26,ps,0.110637
256,26,ps,0.110769
256,26,ps,0.108882
256,26,ps,0.112215
512,26,ps,0.13801
512,26,ps,0.134534
512,26,ps,0.13282
512,26,ps,0.139878
512,26,ps,0.137568
512,26,ps,0.149395
512,26,ps,0.135063
512,26,ps,0.139712
512,26,ps,0.143248
512,26,ps,0.141706
1024,26,ps,0.208827
1024,26,ps,0.207833
1024,26,ps,0.199955
1024,26,ps,0.217491
1024,26,ps,0.212286
1024,26,ps,0.201286
1024,26,ps,0.203042
1024,26,ps,0.215923
1024,26,ps,0.204755
1024,26,ps,0.206865
2048,26,ps,0.623115
2048,26,ps,0.600112
2048,26,ps,0.646819
2048,26,ps,0.69874
2048,26,ps,0.603755
2048,26,ps,0.599097
2048,26,ps,0.599132
2048,26,ps,0.584183
2048,26,ps,0.598679
2048,26,ps,0.646018
4096,26,ps,4.72703
4096,26,ps,4.71397
4096,26,ps,4.67685
4096,26,ps,4.6183
4096,26,ps,4.55542
4096,26,ps,4.85715
4096,26,ps,4.72915
4096,26,ps,4.77603
4096,26,ps,4.7496
4096,26,ps,4.78632
128,28,ps,0.103848
128,28,ps,0.0994791
128,28,ps,0.100109
128,28,ps,0.0992616
128,28,ps,0.0983957
128,28,ps,0.0988004
128,28,ps,0.0986445
128,28,ps,0.0976631
128,28,ps,0.0982989
128,28,ps,0.100226
256,28,ps,0.113275
256,28,ps,0.111403
256,28,ps,0.111926
256,28,ps,0.11354
256,28,ps,0.115668
256,28,ps,0.113887
256,28,ps,0.112024
256,28,ps,0.118721
256,28,ps,0.111382
256,28,ps,0.110633
512,28,ps,0.138791
512,28,ps,0.139828
512,28,ps,0.137057
512,28,ps,0.138736
512,28,ps,0.140966
512,28,ps,0.139134
512,28,ps,0.142284
512,28,ps,0.146998
512,28,ps,0.147852
512,28,ps,0.145041
1024,28,ps,0.211963
1024,28,ps,0.217423
1024,28,ps,0.212376
1024,28,ps,0.211831
1024,28,ps,0.21994
1024,28,ps,0.207813
1024,28,ps,0.212916
1024,28,ps,0.215628
1024,28,ps,0.212219
1024,28,ps,0.20534
2048,28,ps,0.632222
2048,28,ps,0.597976
2048,28,ps,0.602605
2048,28,ps,0.592576
2048,28,ps,0.60465
2048,28,ps,0.597966
2048,28,ps,0.612324
2048,28,ps,0.583484
2048,28,ps,0.593984
2048,28,ps,0.607856
4096,28,ps,4.71861
4096,28,ps,4.6311
4096,28,ps,4.61058
4096,28,ps,4.34663
4096,28,ps,4.74781
4096,28,ps,4.68137
4096,28,ps,4.44727
4096,28,ps,4.39994
4096,28,ps,4.29755
4096,28,ps,4.40071
128,30,ps,0.103806
128,30,ps,0.101135
128,30,ps,0.100198
128,30,ps,0.10042
128,30,ps,0.100098
128,30,ps,0.099827
128,30,ps,0.104294
128,30,ps,0.100377
128,30,ps,0.0982723
128,30,ps,0.100672
256,30,ps,0.115198
256,30,ps,0.116048
256,30,ps,0.113159
256,30,ps,0.117551
256,30,ps,0.114467
256,30,ps,0.11477
256,30,ps,0.110963
256,30,ps,0.113924
256,30,ps,0.116466
256,30,ps,0.112162
512,30,ps,0.146924
512,30,ps,0.143386
512,30,ps,0.142741
512,30,ps,0.141834
512,30,ps,0.144742
512,30,ps,0.146616
512,30,ps,0.146645
512,30,ps,0.14908
512,30,ps,0.142715
512,30,ps,0.141985
1024,30,ps,0.2162
1024,30,ps,0.214948
1024,30,ps,0.215174
1024,30,ps,0.209446
1024,30,ps,0.214565
1024,30,ps,0.213887
1024,30,ps,0.230693
1024,30,ps,0.230492
1024,30,ps,0.214556
1024,30,ps,0.212416
2048,30,ps,0.59479
2048,30,ps,0.59686
2048,30,ps,0.595164
2048,30,ps,0.598613
2048,30,ps,0.576275
2048,30,ps,0.581677
2048,30,ps,0.592951
2048,30,ps,0.594897
2048,30,ps,0.601097
2048,30,ps,0.616128
4096,30,ps,4.65814
4096,30,ps,4.56692
4096,30,ps,4.50991
4096,30,ps,4.41832
4096,30,ps,4.5545
4096,30,ps,4.42362
4096,30,ps,4.68829
4096,30,ps,4.44126
4096,30,ps,4.5724
4096,30,ps,4.74291
128,32,ps,0.104246
128,32,ps,0.103316
128,32,ps,0.101894
128,32,ps,0.1029
128,32,ps,0.103282
128,32,ps,0.102135
128,32,ps,0.101973
128,32,ps,0.101257
128,32,ps,0.10063
128,32,ps,0.100704
256,32,ps,0.116874
256,32,ps,0.117051
256,32,ps,0.118214
256,32,ps,0.118802
256,32,ps,0.117139
256,32,ps,0.115661
256,32,ps,0.114182
256,32,ps,0.11563
256,32,ps,0.115419
256,32,ps,0.116022
512,32,ps,0.14566
512,32,ps,0.147318
512,32,ps,0.150949
512,32,ps,0.147098
512,32,ps,0.149331
512,32,ps,0.154823
512,32,ps,0.150346
512,32,ps,0.148859
512,32,ps,0.154574
512,32,ps,0.149016
1024,32,ps,0.221135
1024,32,ps,0.232089
1024,32,ps,0.228395
1024,32,ps,0.236377
1024,32,ps,0.233664
1024,32,ps,0.232201
1024,32,ps,0.223791
1024,32,ps,0.221948
1024,32,ps,0.223892
1024,32,ps,0.237541
2048,32,ps,0.664111
2048,32,ps,0.618909
2048,32,ps,0.606553
2048,32,ps,0.616139
2048,32,ps,0.598873
2048,32,ps,0.623469
2048,32,ps,0.604764
2048,32,ps,0.618981
2048,32,ps,0.6379
2048,32,ps,0.597876
4096,32,ps,4.43801
4096,32,ps,4.46198
4096,32,ps,4.44558
4096,32,ps,4.52225
4096,32,ps,4.13225
4096,32,ps,4.38354
4096,32,ps,4.08555
4096,32,ps,4.0975
4096,32,ps,4.46951
4096,32,ps,4.45958
128,34,ps,0.106385
128,34,ps,0.102315
128,34,ps,0.102736
128,34,ps,0.102067
128,34,ps,0.101975
128,34,ps,0.102806
128,34,ps,0.103038
128,34,ps,0.1044
128,34,ps,0.101761
128,34,ps,0.102891
256,34,ps,0.117919
256,34,ps,0.117305
256,34,ps,0.117522
256,34,ps,0.117109
256,34,ps,0.116895
256,34,ps,0.120775
256,34,ps,0.121265
256,34,ps,0.121118
256,34,ps,0.120629
256,34,ps,0.116404
512,34,ps,0.149758
512,34,ps,0.156998
512,34,ps,0.148366
512,34,ps,0.14829
512,34,ps,0.155365
512,34,ps,0.153116
512,34,ps,0.156213
512,34,ps,0.156028
512,34,ps,0.149271
512,34,ps,0.154967
1024,34,ps,0.232335
1024,34,ps,0.24136
1024,34,ps,0.22976
1024,34,ps,0.230283
1024,34,ps,0.24466
1024,34,ps,0.228084
1024,34,ps,0.23039
1024,34,ps,0.244108
1024,34,ps,0.22666
1024,34,ps,0.233423
2048,34,ps,0.732887
2048,34,ps,0.732045
2048,34,ps,0.738783
2048,34,ps,0.737157
2048,34,ps,0.737322
2048,34,ps,0.747512
2048,34,ps,0.743614
2048,34,ps,0.736734
2048,34,ps,0.747708
2048,34,ps,0.738708
4096,34,ps,7.38687
4096,34,ps,7.23062
4096,34,ps,7.11569
4096,34,ps,7.44944
4096,34,ps,7.11613
4096,34,ps,7.02393
4096,34,ps,7.27732
4096,34,ps,7.23127
4096,34,ps,6.86609
4096,34,ps,6.87212
128,36,ps,0.108998
128,36,ps,0.10709
128,36,ps,0.10497
128,36,ps,0.106224
128,36,ps,0.104016
128,36,ps,0.104315
128,36,ps,0.101821
128,36,ps,0.103097
128,36,ps,0.103551
128,36,ps,0.104971
256,36,ps,0.121958
256,36,ps,0.122343
256,36,ps,0.118653
256,36,ps,0.121279
256,36,ps,0.118638
256,36,ps,0.123611
256,36,ps,0.122819
256,36,ps,0.121663
256,36,ps,0.120772
256,36,ps,0.11788
512,36,ps,0.15119
512,36,ps,0.162392
512,36,ps,0.161037
512,36,ps,0.16212
512,36,ps,0.160902
512,36,ps,0.16175
512,36,ps,0.160946
512,36,ps,0.153443
512,36,ps,0.153289
512,36,ps,0.155431
1024,36,ps,0.240418
1024,36,ps,0.249658
1024,36,ps,0.233604
1024,36,ps,0.249757
1024,36,ps,0.24562
1024,36,ps,0.247815
1024,36,ps,0.238374
1024,36,ps,0.241484
1024,36,ps,0.250862
1024,36,ps,0.235379
2048,36,ps,0.720961
2048,36,ps,0.71925
2048,36,ps,0.712396
2048,36,ps,0.717023
2048,36,ps,0.729922
2048,36,ps,0.722424
2048,36,ps,0.727077
2048,36,ps,0.75439
2048,36,ps,0.723802
2048,36,ps,0.727847
4096,36,ps,6.71094
4096,36,ps,7.05919
4096,36,ps,6.76543
4096,36,ps,6.79969
4096,36,ps,6.68961
4096,36,ps,6.62409
4096,36,ps,6.60542
4096,36,ps,6.76356
4096,36,ps,7.21415
4096,36,ps,6.88391
128,38,ps,0.108067
128,38,ps,0.10604
128,38,ps,0.105625
128,38,ps,0.105276
128,38,ps,0.104758
128,38,ps,0.105565
128,38,ps,0.104448
128,38,ps,0.103676
128,38,ps,0.102778
128,38,ps,0.106495
256,38,ps,0.123047
256,38,ps,0.123566
256,38,ps,0.125132
256,38,ps,0.124133
256,38,ps,0.120401
256,38,ps,0.122541
256,38,ps,0.121362
256,38,ps,0.122806
256,38,ps,0.120897
256,38,ps,0.12394
512,38,ps,0.163171
512,38,ps,0.156025
512,38,ps,0.15606
512,38,ps,0.154531
512,38,ps,0.155118
512,38,ps,0.156773
512,38,ps,0.160502
512,38,ps,0.158986
512,38,ps,0.154585
512,38,ps,0.156098
1024,38,ps,0.242172
1024,38,ps,0.235888
1024,38,ps,0.248255
1024,38,ps,0.244633
1024,38,ps,0.249935
1024,38,ps,0.251891
1024,38,ps,0.255923
1024,38,ps,0.253703
1024,38,ps,0.246024
1024,38,ps,0.25314
2048,38,ps,0.71657
2048,38,ps,0.722332
2048,38,ps,0.718481
2048,38,ps,0.719783
2048,38,ps,0.703904
2048,38,ps,0.717713
2048,38,ps,0.731616
2048,38,ps,0.713039
2048,38,ps,0.712598
2048,38,ps,0.704153
4096,38,ps,6.41145
4096,38,ps,6.54815
4096,38,ps,6.62723
4096,38,ps,6.68335
4096,38,ps,7.07223
4096,38,ps,6.47835
4096,38,ps,6.40247
4096,38,ps,6.41133
4096,38,ps,6.19896
4096,38,ps,6.92612
128,40,ps,0.10983
128,40,ps,0.106937
128,40,ps,0.10969
128,40,ps,0.105335
128,40,ps,0.106586
128,40,ps,0.103774
128,40,ps,0.105563
128,40,ps,0.10413
128,40,ps,0.106055
128,40,ps,0.10816
256,40,ps,0.125394
256,40,ps,0.125942
256,40,ps,0.1253
256,40,ps,0.124241
256,40,ps,0.124604
256,40,ps,0.127384
256,40,ps,0.122031
256,40,ps,0.127183
256,40,ps,0.122493
256,40,ps,0.122286
512,40,ps,0.158903
512,40,ps,0.159945
512,40,ps,0.165973
512,40,ps,0.172181
512,40,ps,0.161951
512,40,ps,0.160363
512,40,ps,0.161194
512,40,ps,0.167027
512,40,ps,0.166053
512,40,ps,0.168174
1024,40,ps,0.255387
1024,40,ps,0.245274
1024,40,ps,0.255187
1024,40,ps,0.245418
1024,40,ps,0.255418
1024,40,ps,0.261242
1024,40,ps,0.257011
1024,40,ps,0.267739
1024,40,ps,0.25903
1024,40,ps,0.245359
2048,40,ps,0.702888
2048,40,ps,0.708413
2048,40,ps,0.708203
2048,40,ps,0.695273
2048,40,ps,0.702275
2048,40,ps,0.709039
2048,40,ps,0.699232
2048,40,ps,0.71279
2048,40,ps,0.712479
2048,40,ps,0.698243
4096,40,ps,6.49253
4096,40,ps,6.43586
4096,40,ps,6.00866
4096,40,ps,6.36511
4096,40,ps,6.44271
4096,40,ps,6.34505
4096,40,ps,6.38305
4096,40,ps,6.08912
4096,40,ps,6.46749
4096,40,ps,6.51272
