128,1,f,0.00129039
128,1,f,0.00119847
128,1,f,0.001213
128,1,f,0.00114056
128,1,f,0.00113989
128,1,f,0.00116044
128,1,f,0.00114749
128,1,f,0.00114116
128,1,f,0.00114793
128,1,f,0.00115745
256,1,f,0.00650722
256,1,f,0.00648966
256,1,f,0.00652892
256,1,f,0.0064812
256,1,f,0.00652272
256,1,f,0.00652235
256,1,f,0.00649304
256,1,f,0.00671293
256,1,f,0.00651267
256,1,f,0.00651084
512,1,f,0.0464355
512,1,f,0.0464605
512,1,f,0.0464551
512,1,f,0.0464741
512,1,f,0.0464669
512,1,f,0.0464361
512,1,f,0.0464939
512,1,f,0.0466718
512,1,f,0.0465436
512,1,f,0.04653
1024,1,f,0.359112
1024,1,f,0.362671
1024,1,f,0.359236
1024,1,f,0.363159
1024,1,f,0.35942
1024,1,f,0.359114
1024,1,f,0.359033
1024,1,f,0.359121
1024,1,f,0.358834
1024,1,f,0.359184
2048,1,f,9.07007
2048,1,f,9.11894
2048,1,f,9.07469
2048,1,f,9.07109
2048,1,f,9.05862
2048,1,f,9.0684
2048,1,f,9.08131
2048,1,f,9.07045
2048,1,f,9.04534
2048,1,f,9.08458
4096,1,f,108.725
4096,1,f,104.32
4096,1,f,105.228
4096,1,f,104.377
4096,1,f,105.86
4096,1,f,104.438
4096,1,f,104.828
4096,1,f,104.636
4096,1,f,105.119
4096,1,f,104.224
128,2,f,0.00250996
128,2,f,0.00246827
128,2,f,0.00235617
128,2,f,0.00241228
128,2,f,0.00231802
128,2,f,0.00233203
128,2,f,0.00231043
128,2,f,0.00238021
128,2,f,0.0023184
128,2,f,0.00232436
256,2,f,0.00681597
256,2,f,0.00692198
256,2,f,0.00690071
256,2,f,0.00692164
256,2,f,0.00686333
256,2,f,0.00700434
256,2,f,0.00680721
256,2,f,0.00700814
256,2,f,0.00643156
256,2,f,0.00700974
512,2,f,0.030351
512,2,f,0.0306891
512,2,f,0.030427
512,2,f,0.0308273
512,2,f,0.0304162
512,2,f,0.0309953
512,2,f,0.0303331
512,2,f,0.0308474
512,2,f,0.030698
512,2,f,0.031014
1024,2,f,0.197755
1024,2,f,0.198553
1024,2,f,0.197766
1024,2,f,0.199178
1024,2,f,0.197458
1024,2,f,0.198942
1024,2,f,0.198132
1024,2,f,0.198507
1024,2,f,0.197896
1024,2,f,0.19857
2048,2,f,4.74273
2048,2,f,4.85148
2048,2,f,4.94715
2048,2,f,4.66561
2048,2,f,4.66738
2048,2,f,4.59139
2048,2,f,4.61569
2048,2,f,4.63306
2048,2,f,5.01895
2048,2,f,4.82342
4096,2,f,68.3861
4096,2,f,67.3586
4096,2,f,68.8691
4096,2,f,68.0096
4096,2,f,67.5111
4096,2,f,67.3293
4096,2,f,65.9672
4096,2,f,66.4765
4096,2,f,66.927
4096,2,f,68.5141
128,4,f,0.00288169
128,4,f,0.00241349
128,4,f,0.00252094
128,4,f,0.00244353
128,4,f,0.00250879
128,4,f,0.00256759
128,4,f,0.00253567
128,4,f,0.00254315
128,4,f,0.00244437
128,4,f,0.00250128
256,4,f,0.0057978
256,4,f,0.00595109
256,4,f,0.00596862
256,4,f,0.00589564
256,4,f,0.00599483
256,4,f,0.00589736
256,4,f,0.00583745
256,4,f,0.0059064
256,4,f,0.00591064
256,4,f,0.00582192
512,4,f,0.020533
512,4,f,0.0205676
512,4,f,0.0205027
512,4,f,0.0203345
512,4,f,0.0205467
512,4,f,0.0204016
512,4,f,0.0204575
512,4,f,0.020575
512,4,f,0.0204477
512,4,f,0.0205482
1024,4,f,0.111684
1024,4,f,0.111894
1024,4,f,0.11215
1024,4,f,0.11187
1024,4,f,0.111843
1024,4,f,0.112128
1024,4,f,0.111716
1024,4,f,0.111879
1024,4,f,0.111667
1024,4,f,0.1121
2048,4,f,1.93909
2048,4,f,1.9336
2048,4,f,1.95027
2048,4,f,1.95281
2048,4,f,1.94405
2048,4,f,1.97126
2048,4,f,1.9362
2048,4,f,1.95282
2048,4,f,1.9414
2048,4,f,1.93805
4096,4,f,39.9799
4096,4,f,37.1352
4096,4,f,40.0635
4096,4,f,37.3243
4096,4,f,39.7857
4096,4,f,38.0015
4096,4,f,40.2822
4096,4,f,38.0591
4096,4,f,39.9021
4096,4,f,38.2128
128,6,f,0.00325509
128,6,f,0.00293726
128,6,f,0.00295541
128,6,f,0.00287192
128,6,f,0.00284426
128,6,f,0.00289756
128,6,f,0.00290277
128,6,f,0.00291805
128,6,f,0.00286848
128,6,f,0.00288864
256,6,f,0.00600821
256,6,f,0.00626852
256,6,f,0.00606159
256,6,f,0.00607252
256,6,f,0.00605775
256,6,f,0.00609749
256,6,f,0.00598444
256,6,f,0.00599017
256,6,f,0.00609156
256,6,f,0.00605756
512,6,f,0.0178769
512,6,f,0.0180061
512,6,f,0.017749
512,6,f,0.0178064
512,6,f,0.0177967
512,6,f,0.0179598
512,6,f,0.0180065
512,6,f,0.017908
512,6,f,0.0179566
512,6,f,0.0177231
1024,6,f,0.0840704
1024,6,f,0.0843628
1024,6,f,0.084205
1024,6,f,0.084549
1024,6,f,0.0843178
1024,6,f,0.084813
1024,6,f,0.0844247
1024,6,f,0.0885946
1024,6,f,0.0844493
1024,6,f,0.0842129
2048,6,f,1.33395
2048,6,f,1.33708
2048,6,f,1.32479
2048,6,f,1.31836
2048,6,f,1.32728
2048,6,f,1.324
2048,6,f,1.32788
2048,6,f,1.32376
2048,6,f,1.31852
2048,6,f,1.32107
4096,6,f,23.7903
4096,6,f,23.4508
4096,6,f,23.9149
4096,6,f,22.8426
4096,6,f,23.8294
4096,6,f,23.0705
4096,6,f,23.7981
4096,6,f,23.0984
4096,6,f,23.9271
4096,6,f,23.2002
128,8,f,0.00354997
128,8,f,0.00368784
128,8,f,0.00347791
128,8,f,0.0033667
128,8,f,0.00347864
128,8,f,0.00335351
128,8,f,0.00340182
128,8,f,0.00340642
128,8,f,0.00345113
128,8,f,0.0033804
256,8,f,0.00654527
256,8,f,0.00671893
256,8,f,0.00661589
256,8,f,0.00670777
256,8,f,0.00663658
256,8,f,0.00659214
256,8,f,0.00680427
256,8,f,0.00662766
256,8,f,0.00640612
256,8,f,0.00703452
512,8,f,0.0174262
512,8,f,0.0177093
512,8,f,0.0177314
512,8,f,0.0174846
512,8,f,0.0174113
512,8,f,0.0173386
512,8,f,0.0173443
512,8,f,0.0173531
512,8,f,0.0173948
512,8,f,0.0176293
1024,8,f,0.0726373
1024,8,f,0.072782
1024,8,f,0.0738038
1024,8,f,0.0727902
1024,8,f,0.0729313
1024,8,f,0.0732133
1024,8,f,0.0732123
1024,8,f,0.0729976
1024,8,f,0.0746542
1024,8,f,0.0738865
2048,8,f,1.00516
2048,8,f,1.00464
2048,8,f,0.997728
2048,8,f,1.00135
2048,8,f,1.00355
2048,8,f,0.998933
2048,8,f,0.999961
2048,8,f,1.00176
2048,8,f,1.00968
2048,8,f,1.00479
4096,8,f,14.4021
4096,8,f,14.3335
4096,8,f,14.4112
4096,8,f,14.3622
4096,8,f,14.4147
4096,8,f,14.3027
4096,8,f,14.4829
4096,8,f,14.4155
4096,8,f,14.2572
4096,8,f,14.2635
128,10,f,0.00430644
128,10,f,0.00414339
128,10,f,0.00412436
128,10,f,0.00411137
128,10,f,0.00395179
128,10,f,0.00405504
128,10,f,0.00405145
128,10,f,0.00403107
128,10,f,0.00409149
128,10,f,0.00404002
256,10,f,0.00732415
256,10,f,0.00738305
256,10,f,0.00730331
256,10,f,0.00735015
256,10,f,0.0074352
256,10,f,0.00737441
256,10,f,0.00730138
256,10,f,0.00746146
256,10,f,0.0074433
256,10,f,0.00728807
512,10,f,0.0198071
512,10,f,0.0176606
512,10,f,0.0173886
512,10,f,0.0178413
512,10,f,0.0175063
512,10,f,0.0175388
512,10,f,0.0175427
512,10,f,0.0177499
512,10,f,0.0189273
512,10,f,0.0173446
1024,10,f,0.0657797
1024,10,f,0.0672061
1024,10,f,0.0663468
1024,10,f,0.0696938
1024,10,f,0.0657946
1024,10,f,0.0659293
1024,10,f,0.0660831
1024,10,f,0.0664319
1024,10,f,0.0671358
1024,10,f,0.0663989
2048,10,f,0.828279
2048,10,f,0.82267
2048,10,f,0.821578
2048,10,f,0.821142
2048,10,f,0.826111
2048,10,f,0.819943
2048,10,f,0.820719
2048,10,f,0.819666
2048,10,f,0.826496
2048,10,f,0.819589
4096,10,f,10.5712
4096,10,f,10.4575
4096,10,f,10.5424
4096,10,f,10.5079
4096,10,f,10.4981
4096,10,f,10.4964
4096,10,f,10.5567
4096,10,f,10.5509
4096,10,f,10.4896
4096,10,f,10.6827
128,12,f,0.004837
128,12,f,0.00482218
128,12,f,0.00482401
128,12,f,0.00477159
128,12,f,0.00488314
128,12,f,0.00489916
128,12,f,0.00477832
128,12,f,0.00479895
128,12,f,0.00469599
128,12,f,0.00473435
256,12,f,0.00844759
256,12,f,0.00826225
256,12,f,0.00805008
256,12,f,0.00809497
256,12,f,0.00838801
256,12,f,0.0080251
256,12,f,0.00810342
256,12,f,0.00811501
256,12,f,0.00824615
256,12,f,0.00821828
512,12,f,0.0187471
512,12,f,0.0185631
512,12,f,0.0183117
512,12,f,0.0184985
512,12,f,0.0184066
512,12,f,0.0193077
512,12,f,0.0183809
512,12,f,0.0184109
512,12,f,0.0184016
512,12,f,0.0184292
1024,12,f,0.0620227
1024,12,f,0.0640736
1024,12,f,0.0619814
1024,12,f,0.0628194
1024,12,f,0.0691509
1024,12,f,0.0622093
1024,12,f,0.0624334
1024,12,f,0.0625425
1024,12,f,0.0780971
1024,12,f,0.0637317
2048,12,f,0.706992
2048,12,f,0.755237
2048,12,f,0.709477
2048,12,f,0.704933
2048,12,f,0.700521
2048,12,f,0.701788
2048,12,f,0.705711
2048,12,f,0.705864
2048,12,f,0.703427
2048,12,f,0.703569
4096,12,f,8.72651
4096,12,f,8.82076
4096,12,f,8.60776
4096,12,f,8.76052
4096,12,f,8.89593
4096,12,f,8.62452
4096,12,f,8.86487
4096,12,f,8.51777
4096,12,f,8.64082
4096,12,f,8.91237
128,14,f,0.00550356
128,14,f,0.00549834
128,14,f,0.00559821
128,14,f,0.00561341
128,14,f,0.00549761
128,14,f,0.00543521
128,14,f,0.00569384
128,14,f,0.00547685
128,14,f,0.00539218
128,14,f,0.00549511
256,14,f,0.00944148
256,14,f,0.00969796
256,14,f,0.00930613
256,14,f,0.00909335
256,14,f,0.00908679
256,14,f,0.00922728
256,14,f,0.00927072
256,14,f,0.00908414
256,14,f,0.00924327
256,14,f,0.00903062
512,14,f,0.0196809
512,14,f,0.0195041
512,14,f,0.0194804
512,14,f,0.0196916
512,14,f,0.0196608
512,14,f,0.0195821
512,14,f,0.0195974
512,14,f,0.0195905
512,14,f,0.0196141
512,14,f,0.019674
1024,14,f,0.0608705
1024,14,f,0.0605467
1024,14,f,0.0610167
1024,14,f,0.0606085
1024,14,f,0.0611753
1024,14,f,0.0612081
1024,14,f,0.0611619
1024,14,f,0.061076
1024,14,f,0.062847
1024,14,f,0.0620634
2048,14,f,0.622365
2048,14,f,0.621086
2048,14,f,0.622903
2048,14,f,0.618664
2048,14,f,0.620654
2048,14,f,0.618165
2048,14,f,0.62073
2048,14,f,0.61938
2048,14,f,0.614952
2048,14,f,0.617614
4096,14,f,7.58292
4096,14,f,7.65419
4096,14,f,7.469
4096,14,f,7.58277
4096,14,f,7.6696
4096,14,f,7.44238
4096,14,f,7.68951
4096,14,f,7.36082
4096,14,f,7.38021
4096,14,f,7.73221
128,16,f,0.00613099
128,16,f,0.00602347
128,16,f,0.00586131
128,16,f,0.00603317
128,16,f,0.0058083
128,16,f,0.0060419
128,16,f,0.00603134
128,16,f,0.00613572
128,16,f,0.00591544
128,16,f,0.00596004
256,16,f,0.0101933
256,16,f,0.0101002
256,16,f,0.0107126
256,16,f,0.0106054
256,16,f,0.0103505
256,16,f,0.0102215
256,16,f,0.0100875
256,16,f,0.0100527
256,16,f,0.0100588
256,16,f,0.0102368
512,16,f,0.0207651
512,16,f,0.0206956
512,16,f,0.0209782
512,16,f,0.0207478
512,16,f,0.0207425
512,16,f,0.0208765
512,16,f,0.0207443
512,16,f,0.0207725
512,16,f,0.0211399
512,16,f,0.0210101
1024,16,f,0.0603059
1024,16,f,0.0609206
1024,16,f,0.0615886
1024,16,f,0.0612561
1024,16,f,0.0610277
1024,16,f,0.0607378
1024,16,f,0.0616682
1024,16,f,0.0602744
1024,16,f,0.0816623
1024,16,f,0.0616186
2048,16,f,0.557846
2048,16,f,0.556709
2048,16,f,0.561483
2048,16,f,0.559737
2048,16,f,0.555831
2048,16,f,0.558886
2048,16,f,0.556496
2048,16,f,0.559062
2048,16,f,0.561896
2048,16,f,0.55957
4096,16,f,6.53972
4096,16,f,6.55156
4096,16,f,6.44487
4096,16,f,6.53627
4096,16,f,6.48443
4096,16,f,6.53613
4096,16,f,6.52509
4096,16,f,6.65856
4096,16,f,6.46293
4096,16,f,6.55768
128,18,f,0.00655818
128,18,f,0.00663182
128,18,f,0.00662678
128,18,f,0.00657944
128,18,f,0.00648163
128,18,f,0.00668555
128,18,f,0.00647824
128,18,f,0.00659068
128,18,f,0.00745267
128,18,f,0.00645855
256,18,f,0.0112944
256,18,f,0.0112037
256,18,f,0.0113012
256,18,f,0.011179
256,18,f,0.0112682
256,18,f,0.011118
256,18,f,0.0110947
256,18,f,0.011187
256,18,f,0.0113679
256,18,f,0.0114648
512,18,f,0.0221778
512,18,f,0.0221013
512,18,f,0.0222256
512,18,f,0.0221974
512,18,f,0.0223958
512,18,f,0.0221247
512,18,f,0.0222435
512,18,f,0.0222154
512,18,f,0.021911
512,18,f,0.0225096
1024,18,f,0.0610651
1024,18,f,0.0613603
1024,18,f,0.06063
1024,18,f,0.0610887
1024,18,f,0.0611932
1024,18,f,0.0607271
1024,18,f,0.0613635
1024,18,f,0.0619092
1024,18,f,0.0671595
1024,18,f,0.0606085
2048,18,f,0.509406
2048,18,f,0.507039
2048,18,f,0.505803
2048,18,f,0.508907
2048,18,f,0.507211
2048,18,f,0.506267
2048,18,f,0.505768
2048,18,f,0.506203
2048,18,f,0.505878
2048,18,f,0.510237
4096,18,f,6.46961
4096,18,f,6.55498
4096,18,f,6.58423
4096,18,f,6.54033
4096,18,f,6.41503
4096,18,f,6.56797
4096,18,f,6.39699
4096,18,f,6.31338
4096,18,f,6.37984
4096,18,f,6.41715
128,20,f,0.00708245
128,20,f,0.00733581
128,20,f,0.00696698
128,20,f,0.00722173
128,20,f,0.00700527
128,20,f,0.00695893
128,20,f,0.00690436
128,20,f,0.00705443
128,20,f,0.00733944
128,20,f,0.00708854
256,20,f,0.0121272
256,20,f,0.0123802
256,20,f,0.0117616
256,20,f,0.012248
256,20,f,0.0121195
256,20,f,0.0123378
256,20,f,0.012057
256,20,f,0.012054
256,20,f,0.0120116
256,20,f,0.0119809
512,20,f,0.0235804
512,20,f,0.0237524
512,20,f,0.0236556
512,20,f,0.0234668
512,20,f,0.0235176
512,20,f,0.023513
512,20,f,0.0236991
512,20,f,0.0238192
512,20,f,0.0234568
512,20,f,0.0235045
1024,20,f,0.0617352
1024,20,f,0.0625115
1024,20,f,0.0614581
1024,20,f,0.0619978
1024,20,f,0.062351
1024,20,f,0.0616187
1024,20,f,0.0674404
1024,20,f,0.077769
1024,20,f,0.0612533
1024,20,f,0.0622751
2048,20,f,0.47226
2048,20,f,0.475411
2048,20,f,0.469946
2048,20,f,0.471174
2048,20,f,0.470365
2048,20,f,0.467074
2048,20,f,0.471002
2048,20,f,0.469612
2048,20,f,0.470704
2048,20,f,0.470582
4096,20,f,6.03348
4096,20,f,5.82362
4096,20,f,5.87168
4096,20,f,5.79565
4096,20,f,6.0484
4096,20,f,5.55449
4096,20,f,5.94645
4096,20,f,5.59638
4096,20,f,5.78926
4096,20,f,5.94029
128,22,f,0.00774284
128,22,f,0.00764392
128,22,f,0.00761434
128,22,f,0.007626
128,22,f,0.00746931
128,22,f,0.0075861
128,22,f,0.00755862
128,22,f,0.00736312
128,22,f,0.00746905
128,22,f,0.00755381
256,22,f,0.012995
256,22,f,0.0130277
256,22,f,0.0134396
256,22,f,0.0132168
256,22,f,0.0129123
256,22,f,0.0130974
256,22,f,0.0130781
256,22,f,0.0130939
256,22,f,0.0128246
256,22,f,0.013033
512,22,f,0.0250708
512,22,f,0.0252042
512,22,f,0.0252739
512,22,f,0.0247515
512,22,f,0.0250376
512,22,f,0.0252701
512,22,f,0.0249274
512,22,f,0.0251026
512,22,f,0.0250548
512,22,f,0.0249645
1024,22,f,0.0630344
1024,22,f,0.0635938
1024,22,f,0.062795
1024,22,f,0.0632358
1024,22,f,0.0631881
1024,22,f,0.063639
1024,22,f,0.0813888
1024,22,f,0.0678967
1024,22,f,0.0631115
1024,22,f,0.0631926
2048,22,f,0.446208
2048,22,f,0.443079
2048,22,f,0.44183
2048,22,f,0.441408
2048,22,f,0.444575
2048,22,f,0.442191
2048,22,f,0.438856
2048,22,f,0.443098
2048,22,f,0.443095
2048,22,f,0.442386
4096,22,f,5.73167
4096,22,f,5.44433
4096,22,f,5.28465
4096,22,f,5.65565
4096,22,f,5.59735
4096,22,f,5.61919
4096,22,f,5.22262
4096,22,f,5.26456
4096,22,f,5.44901
4096,22,f,5.47469
128,24,f,0.00839822
128,24,f,0.00864733
128,24,f,0.00797167
128,24,f,0.00799137
128,24,f,0.00801
128,24,f,0.00802164
128,24,f,0.00795021
128,24,f,0.0082336
128,24,f,0.00790784
128,24,f,0.0081903
256,24,f,0.013933
256,24,f,0.0139258
256,24,f,0.0140599
256,24,f,0.0138793
256,24,f,0.0137095
256,24,f,0.0137623
256,24,f,0.0138273
256,24,f,0.0135221
256,24,f,0.0140004
256,24,f,0.0137772
512,24,f,0.0267025
512,24,f,0.0267474
512,24,f,0.0265963
512,24,f,0.0267445
512,24,f,0.0269342
512,24,f,0.0267316
512,24,f,0.0265465
512,24,f,0.0266577
512,24,f,0.0274817
512,24,f,0.0269395
1024,24,f,0.064505
1024,24,f,0.0651989
1024,24,f,0.0649233
1024,24,f,0.0643324
1024,24,f,0.0647956
1024,24,f,0.0650913
1024,24,f,0.0744143
1024,24,f,0.0657053
1024,24,f,0.0644242
1024,24,f,0.0640771
2048,24,f,0.419965
2048,24,f,0.418689
2048,24,f,0.417894
2048,24,f,0.418551
2048,24,f,0.418633
2048,24,f,0.420265
2048,24,f,0.421795
2048,24,f,0.416993
2048,24,f,0.420614
2048,24,f,0.419347
4096,24,f,4.95916
4096,24,f,4.81503
4096,24,f,4.66206
4096,24,f,4.89979
4096,24,f,4.84675
4096,24,f,4.7237
4096,24,f,4.82485
4096,24,f,4.87034
4096,24,f,4.66738
4096,24,f,4.71358
128,26,f,0.00874215
128,26,f,0.00890605
128,26,f,0.00865307
128,26,f,0.00842301
128,26,f,0.00857624
128,26,f,0.00834309
128,26,f,0.00877624
128,26,f,0.0086881
128,26,f,0.00868021
128,26,f,0.00875834
256,26,f,0.0148404
256,26,f,0.0150527
256,26,f,0.0151284
256,26,f,0.0147687
256,26,f,0.0145632
256,26,f,0.0144815
256,26,f,0.0149575
256,26,f,0.0147878
256,26,f,0.0149662
256,26,f,0.0149008
512,26,f,0.028292
512,26,f,0.0284997
512,26,f,0.0284784
512,26,f,0.0285187
512,26,f,0.028533
512,26,f,0.0284572
512,26,f,0.0285097
512,26,f,0.0283749
512,26,f,0.0284108
512,26,f,0.0283999
1024,26,f,0.0662767
1024,26,f,0.0655657
1024,26,f,0.0656251
1024,26,f,0.0659873
1024,26,f,0.0661633
1024,26,f,0.0658399
1024,26,f,0.0667754
1024,26,f,0.0664227
1024,26,f,0.0656356
1024,26,f,0.0656509
2048,26,f,0.397595
2048,26,f,0.401937
2048,26,f,0.401083
2048,26,f,0.399202
2048,26,f,0.398983
2048,26,f,0.399005
2048,26,f,0.400391
2048,26,f,0.402629
2048,26,f,0.397492
2048,26,f,0.399818
4096,26,f,4.34605
4096,26,f,4.34414
4096,26,f,4.32069
4096,26,f,4.32198
4096,26,f,4.63343
4096,26,f,4.38999
4096,26,f,4.27763
4096,26,f,4.54004
4096,26,f,4.43649
4096,26,f,4.60472
128,28,f,0.00903876
128,28,f,0.00904396
128,28,f,0.00920255
128,28,f,0.0092658
128,28,f,0.00920877
128,28,f,0.00903135
128,28,f,0.00901938
128,28,f,0.00926465
128,28,f,0.00944518
128,28,f,0.00915346
256,28,f,0.0157951
256,28,f,0.0158901
256,28,f,0.0157376
256,28,f,0.0158285
256,28,f,0.0158489
256,28,f,0.015835
256,28,f,0.0154532
256,28,f,0.015717
256,28,f,0.0155141
256,28,f,0.0155743
512,28,f,0.0302394
512,28,f,0.030209
512,28,f,0.0302563
512,28,f,0.030234
512,28,f,0.0299354
512,28,f,0.0306032
512,28,f,0.0303118
512,28,f,0.0304131
512,28,f,0.0303612
512,28,f,0.0302286
1024,28,f,0.0679595
1024,28,f,0.0676993
1024,28,f,0.0680837
1024,28,f,0.0681241
1024,28,f,0.067551
1024,28,f,0.0700407
1024,28,f,0.0678722
1024,28,f,0.0686826
1024,28,f,0.0677604
1024,28,f,0.0674882
2048,28,f,0.410477
2048,28,f,0.38249
2048,28,f,0.383405
2048,28,f,0.384337
2048,28,f,0.387766
2048,28,f,0.383233
2048,28,f,0.384981
2048,28,f,0.385574
2048,28,f,0.381902
2048,28,f,0.387406
4096,28,f,4.4009
4096,28,f,4.22036
4096,28,f,4.13263
4096,28,f,4.53389
4096,28,f,4.00014
4096,28,f,4.49201
4096,28,f,4.27318
4096,28,f,4.57889
4096,28,f,4.27822
4096,28,f,4.07886
128,30,f,0.00968505
128,30,f,0.0094497
128,30,f,0.00971177
128,30,f,0.00946823
128,30,f,0.00965483
128,30,f,0.00949208
128,30,f,0.00944176
128,30,f,0.00973924
128,30,f,0.0109629
128,30,f,0.00954234
256,30,f,0.0171855
256,30,f,0.0168265
256,30,f,0.0164043
256,30,f,0.0164312
256,30,f,0.0165088
256,30,f,0.0164523
256,30,f,0.016559
256,30,f,0.0168147
256,30,f,0.0162449
256,30,f,0.0165457
512,30,f,0.0317955
512,30,f,0.0320118
512,30,f,0.0320778
512,30,f,0.0318897
512,30,f,0.0317239
512,30,f,0.0320479
512,30,f,0.0318545
512,30,f,0.0317493
512,30,f,0.0317502
512,30,f,0.031936
1024,30,f,0.0691129
1024,30,f,0.0695102
1024,30,f,0.0694822
1024,30,f,0.06963
1024,30,f,0.0695279
1024,30,f,0.0711138
1024,30,f,0.0704133
1024,30,f,0.0700876
1024,30,f,0.0690157
1024,30,f,0.070103
2048,30,f,0.370167
2048,30,f,0.371235
2048,30,f,0.370736
2048,30,f,0.374782
2048,30,f,0.371239
2048,30,f,0.370768
2048,30,f,0.373222
2048,30,f,0.370266
2048,30,f,0.369159
2048,30,f,0.368304
4096,30,f,4.01772
4096,30,f,4.68215
4096,30,f,3.90076
4096,30,f,3.96656
4096,30,f,4.49726
4096,30,f,4.10808
4096,30,f,4.54714
4096,30,f,3.95879
4096,30,f,4.40873
4096,30,f,4.25107
128,32,f,0.0103085
128,32,f,0.010151
128,32,f,0.0104836
128,32,f,0.0101016
128,32,f,0.0101441
128,32,f,0.0100692
128,32,f,0.0102584
128,32,f,0.0104876
128,32,f,0.0098619
128,32,f,0.0100765
256,32,f,0.0174328
256,32,f,0.0181527
256,32,f,0.0172926
256,32,f,0.0171824
256,32,f,0.0172869
256,32,f,0.0176205
256,32,f,0.0170629
256,32,f,0.0176555
256,32,f,0.017112
256,32,f,0.0174993
512,32,f,0.0330891
512,32,f,0.0333221
512,32,f,0.0330037
512,32,f,0.033313
512,32,f,0.0332941
512,32,f,0.0332488
512,32,f,0.0334126
512,32,f,0.0334333
512,32,f,0.0344763
512,32,f,0.0334204
1024,32,f,0.0760991
1024,32,f,0.0762872
1024,32,f,0.0735652
1024,32,f,0.0725759
1024,32,f,0.0811009
1024,32,f,0.071618
1024,32,f,0.0714949
1024,32,f,0.0720419
1024,32,f,0.0727638
1024,32,f,0.0723363
2048,32,f,0.365593
2048,32,f,0.361562
2048,32,f,0.360205
2048,32,f,0.362746
2048,32,f,0.362582
2048,32,f,0.363143
2048,32,f,0.362794
2048,32,f,0.365017
2048,32,f,0.400634
2048,32,f,0.361763
4096,32,f,4.01914
4096,32,f,4.16348
4096,32,f,4.0008
4096,32,f,4.05749
4096,32,f,4.22477
4096,32,f,4.08243
4096,32,f,4.30071
4096,32,f,4.03944
4096,32,f,4.11539
4096,32,f,4.15816
128,34,f,0.0108589
128,34,f,0.010652
128,34,f,0.0109749
128,34,f,0.0108942
128,34,f,0.0107142
128,34,f,0.010789
128,34,f,0.0109688
128,34,f,0.0105058
128,34,f,0.0106266
128,34,f,0.0104798
256,34,f,0.0185153
256,34,f,0.0180711
256,34,f,0.0182199
256,34,f,0.0181567
256,34,f,0.0186297
256,34,f,0.0183926
256,34,f,0.0186343
256,34,f,0.0186351
256,34,f,0.018611
256,34,f,0.0184497
512,34,f,0.0354692
512,34,f,0.0359318
512,34,f,0.0358202
512,34,f,0.0355345
512,34,f,0.0355648
512,34,f,0.0355977
512,34,f,0.0359687
512,34,f,0.0357262
512,34,f,0.0351682
512,34,f,0.0353878
1024,34,f,0.0926475
1024,34,f,0.0894522
1024,34,f,0.0904547
1024,34,f,0.0886435
1024,34,f,0.0882445
1024,34,f,0.0887347
1024,34,f,0.0935692
1024,34,f,0.0919243
1024,34,f,0.0926217
1024,34,f,0.0906493
2048,34,f,0.716462
2048,34,f,0.723123
2048,34,f,0.718228
2048,34,f,0.718485
2048,34,f,0.720768
2048,34,f,0.717283
2048,34,f,0.715809
2048,34,f,0.715118
2048,34,f,0.717038
2048,34,f,0.717339
4096,34,f,6.95662
4096,34,f,6.93375
4096,34,f,7.19711
4096,34,f,7.15823
4096,34,f,7.07341
4096,34,f,6.76972
4096,34,f,6.88569
4096,34,f,6.88628
4096,34,f,7.33421
4096,34,f,6.72718
128,36,f,0.0110963
128,36,f,0.011559
128,36,f,0.0112198
128,36,f,0.0114559
128,36,f,0.0114103
128,36,f,0.0112443
128,36,f,0.0130536
128,36,f,0.0110822
128,36,f,0.011565
128,36,f,0.0110533
256,36,f,0.0194703
256,36,f,0.0198569
256,36,f,0.0197491
256,36,f,0.019546
256,36,f,0.0197191
256,36,f,0.0193924
256,36,f,0.0191411
256,36,f,0.0196146
256,36,f,0.0193598
256,36,f,0.0195883
512,36,f,0.0377099
512,36,f,0.0380422
512,36,f,0.0373987
512,36,f,0.0375806
512,36,f,0.0370974
512,36,f,0.0376435
512,36,f,0.0374389
512,36,f,0.0371537
512,36,f,0.0378929
512,36,f,0.0376465
1024,36,f,0.0974113
1024,36,f,0.0960481
1024,36,f,0.102416
1024,36,f,0.0942194
1024,36,f,0.0982426
1024,36,f,0.100351
1024,36,f,0.0922358
1024,36,f,0.100304
1024,36,f,0.0987689
1024,36,f,0.0979741
2048,36,f,0.695614
2048,36,f,0.698254
2048,36,f,0.697792
2048,36,f,0.695937
2048,36,f,0.693099
2048,36,f,0.6951
2048,36,f,0.699111
2048,36,f,0.695545
2048,36,f,0.694196
2048,36,f,0.699185
4096,36,f,6.91803
4096,36,f,6.91914
4096,36,f,6.56774
4096,36,f,7.00466
4096,36,f,7.16786
4096,36,f,6.51599
4096,36,f,6.63478
4096,36,f,7.0624
4096,36,f,6.5021
4096,36,f,6.70419
128,38,f,0.0123773
128,38,f,0.011955
128,38,f,0.0117923
128,38,f,0.0119954
128,38,f,0.0119477
128,38,f,0.011832
128,38,f,0.0119727
128,38,f,0.0120798
128,38,f,0.0116819
128,38,f,0.0118529
256,38,f,0.021086
256,38,f,0.0202171
256,38,f,0.0206408
256,38,f,0.0205571
256,38,f,0.020628
256,38,f,0.0206001
256,38,f,0.0206874
256,38,f,0.0206214
256,38,f,0.0206328
256,38,f,0.0206831
512,38,f,0.0398144
512,38,f,0.0394107
512,38,f,0.0398649
512,38,f,0.0392882
512,38,f,0.0398898
512,38,f,0.0397484
512,38,f,0.039764
512,38,f,0.0391524
512,38,f,0.0394756
512,38,f,0.0396206
1024,38,f,0.096972
1024,38,f,0.132777
1024,38,f,0.103492
1024,38,f,0.102592
1024,38,f,0.0998163
1024,38,f,0.0985049
1024,38,f,0.10259
1024,38,f,0.099903
1024,38,f,0.0993766
1024,38,f,0.101823
2048,38,f,0.674344
2048,38,f,0.674537
2048,38,f,0.676478
2048,38,f,0.675288
2048,38,f,0.671199
2048,38,f,0.689983
2048,38,f,0.675268
2048,38,f,0.67658
2048,38,f,0.676172
2048,38,f,0.675712
4096,38,f,6.85408
4096,38,f,6.79978
4096,38,f,6.51795
4096,38,f,6.74978
4096,38,f,6.57734
4096,38,f,6.17457
4096,38,f,6.80231
4096,38,f,6.94013
4096,38,f,6.80088
4096,38,f,6.65832
128,40,f,0.0124526
128,40,f,0.0122661
128,40,f,0.0129106
128,40,f,0.0123158
128,40,f,0.013399
128,40,f,0.0125474
128,40,f,0.0126759
128,40,f,0.0125275
128,40,f,0.0122185
128,40,f,0.0127333
256,40,f,0.0216072
256,40,f,0.0215207
256,40,f,0.0217874
256,40,f,0.0212641
256,40,f,0.0215614
256,40,f,0.0226204
256,40,f,0.0216599
256,40,f,0.0220099
256,40,f,0.021853
256,40,f,0.0218454
512,40,f,0.0411531
512,40,f,0.0416853
512,40,f,0.041515
512,40,f,0.0412695
512,40,f,0.0418387
512,40,f,0.0413099
512,40,f,0.0413686
512,40,f,0.0415367
512,40,f,0.0412404
512,40,f,0.0416793
1024,40,f,0.105947
1024,40,f,0.130624
1024,40,f,0.107609
1024,40,f,0.107349
1024,40,f,0.103006
1024,40,f,0.0991767
1024,40,f,0.105521
1024,40,f,0.107843
1024,40,f,0.100303
1024,40,f,0.102663
2048,40,f,0.658359
2048,40,f,0.657748
2048,40,f,0.656664
2048,40,f,0.65601
2048,40,f,0.655648
2048,40,f,0.688835
2048,40,f,0.656982
2048,40,f,0.659572
2048,40,f,0.658434
2048,40,f,0.656884
4096,40,f,6.70931
4096,40,f,6.65127
4096,40,f,6.16135
4096,40,f,6.36368
4096,40,f,6.18505
4096,40,f,6.10547
4096,40,f,6.61463
4096,40,f,6.52364
4096,40,f,6.11896
4096,40,f,6.08789
