128,1,pd,0.00104698
128,1,pd,0.00104635
128,1,pd,0.00103047
128,1,pd,0.00104847
128,1,pd,0.00102752
128,1,pd,0.00102736
128,1,pd,0.00104503
128,1,pd,0.00102692
128,1,pd,0.00103153
128,1,pd,0.00104995
256,1,pd,0.00657352
256,1,pd,0.00660726
256,1,pd,0.00659314
256,1,pd,0.00659698
256,1,pd,0.00661866
256,1,pd,0.00662906
256,1,pd,0.00657373
256,1,pd,0.0066727
256,1,pd,0.00661296
256,1,pd,0.0066552
512,1,pd,0.0484231
512,1,pd,0.048204
512,1,pd,0.0482667
512,1,pd,0.0481305
512,1,pd,0.0482794
512,1,pd,0.047516
512,1,pd,0.0483055
512,1,pd,0.0483022
512,1,pd,0.0482863
512,1,pd,0.0474458
1024,1,pd,0.36035
1024,1,pd,0.36661
1024,1,pd,0.366256
1024,1,pd,0.366576
1024,1,pd,0.366541
1024,1,pd,0.366082
1024,1,pd,0.366782
1024,1,pd,0.367586
1024,1,pd,0.365153
1024,1,pd,0.367
2048,1,pd,9.28306
2048,1,pd,9.79514
2048,1,pd,9.85936
2048,1,pd,10.3881
2048,1,pd,10.1204
2048,1,pd,10.3975
2048,1,pd,9.82428
2048,1,pd,9.83914
2048,1,pd,9.78442
2048,1,pd,9.83264
4096,1,pd,104.252
4096,1,pd,104.807
4096,1,pd,104.428
4096,1,pd,105.313
4096,1,pd,105.341
4096,1,pd,104.218
4096,1,pd,103.687
4096,1,pd,104.402
4096,1,pd,104.895
4096,1,pd,105.473
128,2,pd,0.00276924
128,2,pd,0.00278707
128,2,pd,0.002405
128,2,pd,0.00239369
128,2,pd,0.00232767
128,2,pd,0.00232097
128,2,pd,0.00238935
128,2,pd,0.00273382
128,2,pd,0.00231899
128,2,pd,0.00274394
256,2,pd,0.00890634
256,2,pd,0.0103622
256,2,pd,0.00886502
256,2,pd,0.0102629
256,2,pd,0.00898023
256,2,pd,0.0103776
256,2,pd,0.00894671
256,2,pd,0.0104118
256,2,pd,0.00901715
256,2,pd,0.00894298
512,2,pd,0.0415732
512,2,pd,0.0418669
512,2,pd,0.0457397
512,2,pd,0.0417422
512,2,pd,0.0456412
512,2,pd,0.0419381
512,2,pd,0.0414837
512,2,pd,0.0419974
512,2,pd,0.0420677
512,2,pd,0.0458759
1024,2,pd,0.241653
1024,2,pd,0.25428
1024,2,pd,0.254392
1024,2,pd,0.254362
1024,2,pd,0.241577
1024,2,pd,0.253952
1024,2,pd,0.240969
1024,2,pd,0.254018
1024,2,pd,0.241547
1024,2,pd,0.254385
2048,2,pd,5.09127
2048,2,pd,5.07702
2048,2,pd,5.09683
2048,2,pd,5.08021
2048,2,pd,5.09913
2048,2,pd,5.09943
2048,2,pd,5.08298
2048,2,pd,5.09645
2048,2,pd,5.08186
2048,2,pd,5.07884
4096,2,pd,65.695
4096,2,pd,65.1504
4096,2,pd,65.435
4096,2,pd,65.3762
4096,2,pd,57.0163
4096,2,pd,65.45
4096,2,pd,65.4479
4096,2,pd,69.3252
4096,2,pd,65.4845
4096,2,pd,65.2849
128,4,pd,0.0027075
128,4,pd,0.00265233
128,4,pd,0.00268042
128,4,pd,0.00260921
128,4,pd,0.00260509
128,4,pd,0.00260076
128,4,pd,0.00268767
128,4,pd,0.0026226
128,4,pd,0.0026836
128,4,pd,0.00263862
256,4,pd,0.00918961
256,4,pd,0.00918067
256,4,pd,0.0092387
256,4,pd,0.00920592
256,4,pd,0.00923755
256,4,pd,0.00918225
256,4,pd,0.00919039
256,4,pd,0.0091726
256,4,pd,0.00924312
256,4,pd,0.00919672
512,4,pd,0.037731
512,4,pd,0.0375898
512,4,pd,0.0375367
512,4,pd,0.0377905
512,4,pd,0.0377176
512,4,pd,0.0375232
512,4,pd,0.0375986
512,4,pd,0.0376578
512,4,pd,0.0377596
512,4,pd,0.0377225
1024,4,pd,0.16811
1024,4,pd,0.168113
1024,4,pd,0.168565
1024,4,pd,0.168692
1024,4,pd,0.168177
1024,4,pd,0.167853
1024,4,pd,0.167913
1024,4,pd,0.168211
1024,4,pd,0.168295
1024,4,pd,0.16814
2048,4,pd,2.53102
2048,4,pd,2.55476
2048,4,pd,2.5495
2048,4,pd,2.54393
2048,4,pd,2.55515
2048,4,pd,2.5655
2048,4,pd,2.5211
2048,4,pd,2.544
2048,4,pd,2.55101
2048,4,pd,2.5687
4096,4,pd,38.8989
4096,4,pd,39.5228
4096,4,pd,38.9299
4096,4,pd,39.5267
4096,4,pd,39.5702
4096,4,pd,38.9068
4096,4,pd,39.5555
4096,4,pd,37.7018
4096,4,pd,39.5791
4096,4,pd,38.9504
128,6,pd,0.00283587
128,6,pd,0.00270238
128,6,pd,0.00282933
128,6,pd,0.00263127
128,6,pd,0.0026666
128,6,pd,0.00255394
128,6,pd,0.00259878
128,6,pd,0.00254201
128,6,pd,0.00256663
128,6,pd,0.00256816
256,6,pd,0.00825732
256,6,pd,0.00826247
256,6,pd,0.00830285
256,6,pd,0.00821297
256,6,pd,0.0082378
256,6,pd,0.00880928
256,6,pd,0.00814325
256,6,pd,0.00824957
256,6,pd,0.00829703
256,6,pd,0.00873105
512,6,pd,0.0315271
512,6,pd,0.0312971
512,6,pd,0.0316034
512,6,pd,0.031448
512,6,pd,0.031497
512,6,pd,0.0311066
512,6,pd,0.0315799
512,6,pd,0.0309083
512,6,pd,0.0311238
512,6,pd,0.0317101
1024,6,pd,0.140588
1024,6,pd,0.135109
1024,6,pd,0.135564
1024,6,pd,0.135135
1024,6,pd,0.140887
1024,6,pd,0.133765
1024,6,pd,0.140597
1024,6,pd,0.134431
1024,6,pd,0.168433
1024,6,pd,0.141286
2048,6,pd,2.22784
2048,6,pd,2.24269
2048,6,pd,2.2194
2048,6,pd,2.28959
2048,6,pd,2.07324
2048,6,pd,2.2144
2048,6,pd,2.32628
2048,6,pd,2.22701
2048,6,pd,2.27406
2048,6,pd,2.21505
4096,6,pd,28.8128
4096,6,pd,29.7427
4096,6,pd,28.5638
4096,6,pd,28.7036
4096,6,pd,28.6679
4096,6,pd,29.7602
4096,6,pd,28.9477
4096,6,pd,29.907
4096,6,pd,30.103
4096,6,pd,28.5881
128,8,pd,0.00302978
128,8,pd,0.00295769
128,8,pd,0.00291091
128,8,pd,0.00300486
128,8,pd,0.00298182
128,8,pd,0.00295517
128,8,pd,0.00288506
128,8,pd,0.00293096
128,8,pd,0.00291907
128,8,pd,0.00300523
256,8,pd,0.00875119
256,8,pd,0.00856366
256,8,pd,0.00874507
256,8,pd,0.00872842
256,8,pd,0.00864969
256,8,pd,0.00854763
256,8,pd,0.00853238
256,8,pd,0.00864042
256,8,pd,0.00854453
256,8,pd,0.00877073
512,8,pd,0.0311854
512,8,pd,0.0304114
512,8,pd,0.0306819
512,8,pd,0.0310618
512,8,pd,0.0311297
512,8,pd,0.0312936
512,8,pd,0.0306269
512,8,pd,0.0306626
512,8,pd,0.0306219
512,8,pd,0.0301368
1024,8,pd,0.125686
1024,8,pd,0.12584
1024,8,pd,0.126372
1024,8,pd,0.146422
1024,8,pd,0.124725
1024,8,pd,0.125706
1024,8,pd,0.125574
1024,8,pd,0.125416
1024,8,pd,0.12566
1024,8,pd,0.124964
2048,8,pd,2.1973
2048,8,pd,2.16442
2048,8,pd,2.19012
2048,8,pd,2.20195
2048,8,pd,2.16071
2048,8,pd,2.18405
2048,8,pd,2.19466
2048,8,pd,2.1794
2048,8,pd,2.19025
2048,8,pd,2.16164
4096,8,pd,28.6545
4096,8,pd,29.232
4096,8,pd,27.3107
4096,8,pd,27.9062
4096,8,pd,29.1078
4096,8,pd,28.2511
4096,8,pd,28.2855
4096,8,pd,29.8716
4096,8,pd,27.4242
4096,8,pd,27.6237
128,10,pd,0.0032373
128,10,pd,0.002916
128,10,pd,0.00275045
128,10,pd,0.00282736
128,10,pd,0.00324119
128,10,pd,0.00341145
128,10,pd,0.00321921
128,10,pd,0.00338304
128,10,pd,0.00284263
128,10,pd,0.0032431
256,10,pd,0.00925589
256,10,pd,0.00926053
256,10,pd,0.00787168
256,10,pd,0.00935852
256,10,pd,0.00770282
256,10,pd,0.00737598
256,10,pd,0.00780228
256,10,pd,0.00738296
256,10,pd,0.00766154
256,10,pd,0.00733904
512,10,pd,0.0256204
512,10,pd,0.0323733
512,10,pd,0.0259369
512,10,pd,0.0320422
512,10,pd,0.0312656
512,10,pd,0.0261299
512,10,pd,0.0297315
512,10,pd,0.0257006
512,10,pd,0.0252497
512,10,pd,0.0316341
1024,10,pd,0.120642
1024,10,pd,0.103941
1024,10,pd,0.114953
1024,10,pd,0.107999
1024,10,pd,0.103778
1024,10,pd,0.118026
1024,10,pd,0.113455
1024,10,pd,0.13267
1024,10,pd,0.104422
1024,10,pd,0.13521
2048,10,pd,2.12063
2048,10,pd,2.081
2048,10,pd,2.12987
2048,10,pd,2.19285
2048,10,pd,2.18988
2048,10,pd,2.12784
2048,10,pd,2.0686
2048,10,pd,2.17422
2048,10,pd,2.07274
2048,10,pd,2.1378
4096,10,pd,30.0106
4096,10,pd,29.3186
4096,10,pd,29.309
4096,10,pd,29.6958
4096,10,pd,28.7234
4096,10,pd,29.1867
4096,10,pd,29.2225
4096,10,pd,29.0267
4096,10,pd,28.4067
4096,10,pd,30.6544
128,12,pd,0.00286141
128,12,pd,0.00271706
128,12,pd,0.00290824
128,12,pd,0.00329724
128,12,pd,0.00290415
128,12,pd,0.00331897
128,12,pd,0.00342273
128,12,pd,0.0033695
128,12,pd,0.00335612
128,12,pd,0.00330346
256,12,pd,0.0090803
256,12,pd,0.00690349
256,12,pd,0.00682327
256,12,pd,0.0069215
256,12,pd,0.00871448
256,12,pd,0.00880849
256,12,pd,0.00872031
256,12,pd,0.00882563
256,12,pd,0.00889784
256,12,pd,0.00694991
512,12,pd,0.0226441
512,12,pd,0.0226006
512,12,pd,0.0225461
512,12,pd,0.0231197
512,12,pd,0.022728
512,12,pd,0.0290898
512,12,pd,0.0288417
512,12,pd,0.0289281
512,12,pd,0.0236575
512,12,pd,0.0227673
1024,12,pd,0.113896
1024,12,pd,0.128504
1024,12,pd,0.110909
1024,12,pd,0.12337
1024,12,pd,0.0993399
1024,12,pd,0.118187
1024,12,pd,0.115915
1024,12,pd,0.106297
1024,12,pd,0.125874
1024,12,pd,0.111713
2048,12,pd,2.11577
2048,12,pd,2.06058
2048,12,pd,2.08709
2048,12,pd,2.21387
2048,12,pd,2.11569
2048,12,pd,2.02473
2048,12,pd,2.06749
2048,12,pd,2.09061
2048,12,pd,2.00335
2048,12,pd,2.15365
4096,12,pd,30.4179
4096,12,pd,31.4411
4096,12,pd,27.1831
4096,12,pd,27.8936
4096,12,pd,28.3766
4096,12,pd,29.2013
4096,12,pd,28.7808
4096,12,pd,29.56
4096,12,pd,30.7671
4096,12,pd,28.8376
128,14,pd,0.00329465
128,14,pd,0.0029608
128,14,pd,0.00338035
128,14,pd,0.0030402
128,14,pd,0.00288344
128,14,pd,0.00336134
128,14,pd,0.00343643
128,14,pd,0.0029742
128,14,pd,0.00294337
128,14,pd,0.00340615
256,14,pd,0.00837844
256,14,pd,0.00842295
256,14,pd,0.00828164
256,14,pd,0.00690218
256,14,pd,0.00851573
256,14,pd,0.00852679
256,14,pd,0.00690057
256,14,pd,0.00664501
256,14,pd,0.00695059
256,14,pd,0.00690463
512,14,pd,0.025686
512,14,pd,0.0261842
512,14,pd,0.0204618
512,14,pd,0.020409
512,14,pd,0.0206886
512,14,pd,0.0208633
512,14,pd,0.0212808
512,14,pd,0.0213764
512,14,pd,0.0219088
512,14,pd,0.0263127
1024,14,pd,0.0933248
1024,14,pd,0.0977523
1024,14,pd,0.0973542
1024,14,pd,0.085068
1024,14,pd,0.0830727
1024,14,pd,0.100119
1024,14,pd,0.0974687
1024,14,pd,0.11191
1024,14,pd,0.088108
1024,14,pd,0.115724
2048,14,pd,2.01263
2048,14,pd,1.92778
2048,14,pd,1.94391
2048,14,pd,1.97096
2048,14,pd,1.86108
2048,14,pd,1.94676
2048,14,pd,2.02613
2048,14,pd,2.00027
2048,14,pd,1.97148
2048,14,pd,1.9862
4096,14,pd,29.5208
4096,14,pd,30.9068
4096,14,pd,30.2171
4096,14,pd,30.7525
4096,14,pd,28.3057
4096,14,pd,29.7742
4096,14,pd,29.4039
4096,14,pd,30.5046
4096,14,pd,30.5682
4096,14,pd,30.2286
128,16,pd,0.00353802
128,16,pd,0.00355364
128,16,pd,0.00349438
128,16,pd,0.0036096
128,16,pd,0.00339224
128,16,pd,0.00339267
128,16,pd,0.00341685
128,16,pd,0.00362896
128,16,pd,0.00333775
128,16,pd,0.00334798
256,16,pd,0.0079837
256,16,pd,0.00678263
256,16,pd,0.00680196
256,16,pd,0.00809445
256,16,pd,0.00802997
256,16,pd,0.00696761
256,16,pd,0.00676643
256,16,pd,0.00670495
256,16,pd,0.00670514
256,16,pd,0.00670365
512,16,pd,0.0192683
512,16,pd,0.023291
512,16,pd,0.0234562
512,16,pd,0.027118
512,16,pd,0.0252648
512,16,pd,0.0260985
512,16,pd,0.0279356
512,16,pd,0.0194559
512,16,pd,0.0239639
512,16,pd,0.0229888
1024,16,pd,0.0757952
1024,16,pd,0.100416
1024,16,pd,0.072665
1024,16,pd,0.0994625
1024,16,pd,0.1003
1024,16,pd,0.0942323
1024,16,pd,0.088379
1024,16,pd,0.0881636
1024,16,pd,0.134618
1024,16,pd,0.0728707
2048,16,pd,1.76859
2048,16,pd,1.72267
2048,16,pd,1.81454
2048,16,pd,1.74984
2048,16,pd,1.76157
2048,16,pd,1.73824
2048,16,pd,1.81048
2048,16,pd,1.80679
2048,16,pd,1.82286
2048,16,pd,1.80142
4096,16,pd,29.2058
4096,16,pd,28.4305
4096,16,pd,28.1023
4096,16,pd,30.7637
4096,16,pd,29.1403
4096,16,pd,30.5853
4096,16,pd,29.6265
4096,16,pd,31.4553
4096,16,pd,30.45
4096,16,pd,29.1391
128,18,pd,0.00329801
128,18,pd,0.00346279
128,18,pd,0.00332446
128,18,pd,0.00330616
128,18,pd,0.00313842
128,18,pd,0.00326741
128,18,pd,0.00366221
128,18,pd,0.00370075
128,18,pd,0.00358371
128,18,pd,0.0034323
256,18,pd,0.00859641
256,18,pd,0.00774202
256,18,pd,0.00694681
256,18,pd,0.00740278
256,18,pd,0.00697901
256,18,pd,0.00751118
256,18,pd,0.00660931
256,18,pd,0.00740181
256,18,pd,0.00704989
256,18,pd,0.00746855
512,18,pd,0.0187574
512,18,pd,0.0207631
512,18,pd,0.0190313
512,18,pd,0.0206087
512,18,pd,0.0251066
512,18,pd,0.025397
512,18,pd,0.0219003
512,18,pd,0.0251352
512,18,pd,0.025763
512,18,pd,0.0251697
1024,18,pd,0.0878481
1024,18,pd,0.0861866
1024,18,pd,0.0733724
1024,18,pd,0.0970081
1024,18,pd,0.0978295
1024,18,pd,0.0730168
1024,18,pd,0.0879483
1024,18,pd,0.0785173
1024,18,pd,0.0963712
1024,18,pd,0.0738488
2048,18,pd,1.65528
2048,18,pd,1.68642
2048,18,pd,1.62315
2048,18,pd,1.67153
2048,18,pd,1.55994
2048,18,pd,1.66282
2048,18,pd,1.64055
2048,18,pd,1.63691
2048,18,pd,1.67631
2048,18,pd,1.55966
4096,18,pd,25.0949
4096,18,pd,26.1119
4096,18,pd,26.2345
4096,18,pd,26.3883
4096,18,pd,26.1073
4096,18,pd,26.8274
4096,18,pd,25.7733
4096,18,pd,26.0722
4096,18,pd,26.0492
4096,18,pd,26.4378
128,20,pd,0.00372709
128,20,pd,0.00371186
128,20,pd,0.00380224
128,20,pd,0.00416693
128,20,pd,0.00367641
128,20,pd,0.00317801
128,20,pd,0.00305164
128,20,pd,0.00424939
128,20,pd,0.00361576
128,20,pd,0.00383696
256,20,pd,0.00793791
256,20,pd,0.00967103
256,20,pd,0.0076749
256,20,pd,0.0086953
256,20,pd,0.00706675
256,20,pd,0.00672503
256,20,pd,0.00708873
256,20,pd,0.00759541
256,20,pd,0.00767422
256,20,pd,0.0071981
512,20,pd,0.0189621
512,20,pd,0.0194751
512,20,pd,0.0212223
512,20,pd,0.0212252
512,20,pd,0.0270883
512,20,pd,0.0231958
512,20,pd,0.0195342
512,20,pd,0.0195052
512,20,pd,0.0185306
512,20,pd,0.0194921
1024,20,pd,0.0809228
1024,20,pd,0.084455
1024,20,pd,0.0912872
1024,20,pd,0.0872403
1024,20,pd,0.0807857
1024,20,pd,0.0749423
1024,20,pd,0.0895327
1024,20,pd,0.0879501
1024,20,pd,0.0813266
1024,20,pd,0.0747017
2048,20,pd,1.55759
2048,20,pd,1.54598
2048,20,pd,1.53805
2048,20,pd,1.57028
2048,20,pd,1.55371
2048,20,pd,1.49375
2048,20,pd,1.51572
2048,20,pd,1.5951
2048,20,pd,1.52174
2048,20,pd,1.55701
4096,20,pd,23.0412
4096,20,pd,25.3108
4096,20,pd,24.2935
4096,20,pd,23.2404
4096,20,pd,24.4879
4096,20,pd,25.4862
4096,20,pd,25.0541
4096,20,pd,20.4715
4096,20,pd,21.2043
4096,20,pd,22.5468
128,22,pd,0.00378375
128,22,pd,0.00438526
128,22,pd,0.00365821
128,22,pd,0.00520373
128,22,pd,0.00411014
128,22,pd,0.00433383
128,22,pd,0.00383103
128,22,pd,0.00415987
128,22,pd,0.00474827
128,22,pd,0.00420139
256,22,pd,0.00769746
256,22,pd,0.00772089
256,22,pd,0.00765704
256,22,pd,0.00756038
256,22,pd,0.00961578
256,22,pd,0.00898788
256,22,pd,0.00724502
256,22,pd,0.00786002
256,22,pd,0.00758344
256,22,pd,0.00879737
512,22,pd,0.0196936
512,22,pd,0.0202511
512,22,pd,0.019749
512,22,pd,0.0203443
512,22,pd,0.0205062
512,22,pd,0.022162
512,22,pd,0.0234881
512,22,pd,0.0205516
512,22,pd,0.0279808
512,22,pd,0.0235036
1024,22,pd,0.0878303
1024,22,pd,0.0854735
1024,22,pd,0.0817987
1024,22,pd,0.0891713
1024,22,pd,0.0854375
1024,22,pd,0.0876478
1024,22,pd,0.093042
1024,22,pd,0.094007
1024,22,pd,0.0827937
1024,22,pd,0.0787377
2048,22,pd,1.47834
2048,22,pd,1.47361
2048,22,pd,1.50476
2048,22,pd,1.46662
2048,22,pd,1.49046
2048,22,pd,1.46343
2048,22,pd,1.50189
2048,22,pd,1.49081
2048,22,pd,1.48356
2048,22,pd,1.49362
4096,22,pd,24.4082
4096,22,pd,23.182
4096,22,pd,20.7273
4096,22,pd,21.1679
4096,22,pd,23.6987
4096,22,pd,22.6925
4096,22,pd,23.5367
4096,22,pd,22.6394
4096,22,pd,21.0495
4096,22,pd,25.1593
128,24,pd,0.00428103
128,24,pd,0.00449646
128,24,pd,0.00459566
128,24,pd,0.00443034
128,24,pd,0.00427413
128,24,pd,0.00431863
128,24,pd,0.00377346
128,24,pd,0.00430287
128,24,pd,0.00415673
128,24,pd,0.00474326
256,24,pd,0.0095126
256,24,pd,0.00796964
256,24,pd,0.00980439
256,24,pd,0.00739753
256,24,pd,0.00949445
256,24,pd,0.00819473
256,24,pd,0.00833007
256,24,pd,0.00741141
256,24,pd,0.00851419
256,24,pd,0.0101199
512,24,pd,0.0188215
512,24,pd,0.0202461
512,24,pd,0.0202117
512,24,pd,0.0190641
512,24,pd,0.0190784
512,24,pd,0.0195958
512,24,pd,0.0226354
512,24,pd,0.0230447
512,24,pd,0.0258093
512,24,pd,0.0229438
1024,24,pd,0.0879602
1024,24,pd,0.0864831
1024,24,pd,0.087552
1024,24,pd,0.080385
1024,24,pd,0.0848763
1024,24,pd,0.0896908
1024,24,pd,0.0912548
1024,24,pd,0.0895624
1024,24,pd,0.0878267
1024,24,pd,0.0917648
2048,24,pd,1.47603
2048,24,pd,1.43079
2048,24,pd,1.46677
2048,24,pd,1.44704
2048,24,pd,1.4491
2048,24,pd,1.50794
2048,24,pd,1.43878
2048,24,pd,1.47786
2048,24,pd,1.45477
2048,24,pd,1.46629
4096,24,pd,22.7111
4096,24,pd,21.8015
4096,24,pd,22.5379
4096,24,pd,22.6422
4096,24,pd,21.0465
4096,24,pd,23.0532
4096,24,pd,22.8272
4096,24,pd,21.3704
4096,24,pd,23.977
4096,24,pd,21.9498
128,26,pd,0.00403926
128,26,pd,0.00438127
128,26,pd,0.0048526
128,26,pd,0.00452558
128,26,pd,0.00406602
128,26,pd,0.00422569
128,26,pd,0.00380422
128,26,pd,0.0042189
128,26,pd,0.00443406
128,26,pd,0.00491992
256,26,pd,0.00950412
256,26,pd,0.00814967
256,26,pd,0.00772982
256,26,pd,0.0102568
256,26,pd,0.00845445
256,26,pd,0.00848685
256,26,pd,0.00815713
256,26,pd,0.00821886
256,26,pd,0.00927334
256,26,pd,0.00818011
512,26,pd,0.0197998
512,26,pd,0.0233675
512,26,pd,0.0201311
512,26,pd,0.0217912
512,26,pd,0.0223962
512,26,pd,0.0176388
512,26,pd,0.0200548
512,26,pd,0.0252878
512,26,pd,0.0258163
512,26,pd,0.02222
1024,26,pd,0.088076
1024,26,pd,0.0924457
1024,26,pd,0.0887844
1024,26,pd,0.0858787
1024,26,pd,0.089009
1024,26,pd,0.0876588
1024,26,pd,0.0811803
1024,26,pd,0.0799518
1024,26,pd,0.095676
1024,26,pd,0.0863053
2048,26,pd,1.42689
2048,26,pd,1.4454
2048,26,pd,1.39058
2048,26,pd,1.4691
2048,26,pd,1.44159
2048,26,pd,1.48442
2048,26,pd,1.46037
2048,26,pd,1.48179
2048,26,pd,1.39884
2048,26,pd,1.43348
4096,26,pd,23.7693
4096,26,pd,20.9186
4096,26,pd,23.7683
4096,26,pd,24.0531
4096,26,pd,20.3435
4096,26,pd,22.3172
4096,26,pd,23.596
4096,26,pd,23.35
4096,26,pd,22.2335
4096,26,pd,24.1134
128,28,pd,0.00481675
128,28,pd,0.00475332
128,28,pd,0.00492739
128,28,pd,0.00724169
128,28,pd,0.00467633
128,28,pd,0.00686462
128,28,pd,0.0043171
128,28,pd,0.00411819
128,28,pd,0.00634762
128,28,pd,0.00417519
256,28,pd,0.0119561
256,28,pd,0.00894145
256,28,pd,0.00939289
256,28,pd,0.00831821
256,28,pd,0.00851072
256,28,pd,0.00870017
256,28,pd,0.0101179
256,28,pd,0.00768852
256,28,pd,0.00811033
256,28,pd,0.00830124
512,28,pd,0.0229441
512,28,pd,0.025946
512,28,pd,0.0225297
512,28,pd,0.022519
512,28,pd,0.0230686
512,28,pd,0.0223705
512,28,pd,0.0238426
512,28,pd,0.022742
512,28,pd,0.0232702
512,28,pd,0.026414
1024,28,pd,0.084997
1024,28,pd,0.0903367
1024,28,pd,0.0839069
1024,28,pd,0.0856278
1024,28,pd,0.086022
1024,28,pd,0.0885186
1024,28,pd,0.0859727
1024,28,pd,0.0871044
1024,28,pd,0.0971126
1024,28,pd,0.0860746
2048,28,pd,1.44869
2048,28,pd,1.41864
2048,28,pd,1.42732
2048,28,pd,1.46409
2048,28,pd,1.42409
2048,28,pd,1.41497
2048,28,pd,1.44165
2048,28,pd,1.44492
2048,28,pd,1.43077
2048,28,pd,1.38502
4096,28,pd,19.9264
4096,28,pd,21.1903
4096,28,pd,23.3307
4096,28,pd,23.4042
4096,28,pd,23.219
4096,28,pd,21.1825
4096,28,pd,23.2373
4096,28,pd,23.3934
4096,28,pd,21.6688
4096,28,pd,23.2181
128,30,pd,0.00555842
128,30,pd,0.00698488
128,30,pd,0.00508745
128,30,pd,0.00664027
128,30,pd,0.00446921
128,30,pd,0.00551037
128,30,pd,0.00484375
128,30,pd,0.00592788
128,30,pd,0.00680064
128,30,pd,0.00431435
256,30,pd,0.0139805
256,30,pd,0.0209223
256,30,pd,0.00847002
256,30,pd,0.0104861
256,30,pd,0.011101
256,30,pd,0.00940652
256,30,pd,0.0153595
256,30,pd,0.0099718
256,30,pd,0.00808551
256,30,pd,0.021792
512,30,pd,0.0208295
512,30,pd,0.0232445
512,30,pd,0.0246376
512,30,pd,0.0220127
512,30,pd,0.0263489
512,30,pd,0.0225586
512,30,pd,0.0230737
512,30,pd,0.0409274
512,30,pd,0.0232306
512,30,pd,0.0228751
1024,30,pd,0.0731524
1024,30,pd,0.108819
1024,30,pd,0.0891896
1024,30,pd,0.0833983
1024,30,pd,0.0856964
1024,30,pd,0.0800257
1024,30,pd,0.0859096
1024,30,pd,0.0927167
1024,30,pd,0.0942851
1024,30,pd,0.0829684
2048,30,pd,1.4398
2048,30,pd,1.39687
2048,30,pd,1.38426
2048,30,pd,1.4389
2048,30,pd,1.36393
2048,30,pd,1.41849
2048,30,pd,1.40278
2048,30,pd,1.42812
2048,30,pd,1.43583
2048,30,pd,1.42558
4096,30,pd,22.9192
4096,30,pd,22.887
4096,30,pd,21.9004
4096,30,pd,22.6406
4096,30,pd,19.3624
4096,30,pd,22.5713
4096,30,pd,20.9406
4096,30,pd,20.7064
4096,30,pd,22.5613
4096,30,pd,22.6359
128,32,pd,0.00628252
128,32,pd,0.00500405
128,32,pd,0.00548591
128,32,pd,0.0140478
128,32,pd,0.0213545
128,32,pd,0.00714913
128,32,pd,0.00582252
128,32,pd,0.00760748
128,32,pd,0.00585967
128,32,pd,0.006286
256,32,pd,0.0113952
256,32,pd,0.0104774
256,32,pd,0.0121107
256,32,pd,0.0121267
256,32,pd,0.0115076
256,32,pd,0.0111714
256,32,pd,0.0145412
256,32,pd,0.0114146
256,32,pd,0.0119055
256,32,pd,0.0094551
512,32,pd,0.0322271
512,32,pd,0.0241654
512,32,pd,0.0340729
512,32,pd,0.0250937
512,32,pd,0.0206379
512,32,pd,0.0284739
512,32,pd,0.0395432
512,32,pd,0.0237164
512,32,pd,0.0209117
512,32,pd,0.0220126
1024,32,pd,0.0933354
1024,32,pd,0.0957814
1024,32,pd,0.0936415
1024,32,pd,0.102273
1024,32,pd,0.0978657
1024,32,pd,0.0862874
1024,32,pd,0.101247
1024,32,pd,0.0926275
1024,32,pd,0.0836479
1024,32,pd,0.0968657
2048,32,pd,1.40364
2048,32,pd,1.41457
2048,32,pd,1.41445
2048,32,pd,1.41655
2048,32,pd,1.40237
2048,32,pd,1.39737
2048,32,pd,1.42796
2048,32,pd,1.38811
2048,32,pd,1.45347
2048,32,pd,1.40876
4096,32,pd,22.6246
4096,32,pd,22.5923
4096,32,pd,22.6107
4096,32,pd,22.7401
4096,32,pd,20.6356
4096,32,pd,22.5078
4096,32,pd,22.8463
4096,32,pd,22.8952
4096,32,pd,20.0287
4096,32,pd,22.6967
128,34,pd,0.0132648
128,34,pd,0.00738764
128,34,pd,0.00647583
128,34,pd,0.00732787
128,34,pd,0.00827631
128,34,pd,0.00606478
128,34,pd,0.00646696
128,34,pd,0.00792979
128,34,pd,0.00570865
128,34,pd,0.00764491
256,34,pd,0.0107809
256,34,pd,0.0117252
256,34,pd,0.0119385
256,34,pd,0.00992857
256,34,pd,0.0119578
256,34,pd,0.0107227
256,34,pd,0.0101812
256,34,pd,0.0152875
256,34,pd,0.0113523
256,34,pd,0.0162917
512,34,pd,0.0237475
512,34,pd,0.0313245
512,34,pd,0.0257291
512,34,pd,0.0255142
512,34,pd,0.0336559
512,34,pd,0.0274206
512,34,pd,0.0274099
512,34,pd,0.0239176
512,34,pd,0.0288927
512,34,pd,0.0241212
1024,34,pd,0.0935683
1024,34,pd,0.0901063
1024,34,pd,0.0981898
1024,34,pd,0.0870544
1024,34,pd,0.0903436
1024,34,pd,0.0898654
1024,34,pd,0.0871467
1024,34,pd,0.0826416
1024,34,pd,0.0866796
1024,34,pd,0.0877828
2048,34,pd,1.36527
2048,34,pd,1.33479
2048,34,pd,1.33986
2048,34,pd,1.40595
2048,34,pd,1.36652
2048,34,pd,1.35208
2048,34,pd,1.3922
2048,34,pd,1.41424
2048,34,pd,1.35363
2048,34,pd,1.34372
4096,34,pd,19.9845
4096,34,pd,21.0544
4096,34,pd,22.5778
4096,34,pd,20.2169
4096,34,pd,22.7503
4096,34,pd,22.6284
4096,34,pd,23.0548
4096,34,pd,22.9895
4096,34,pd,22.6713
4096,34,pd,16.0704
128,36,pd,0.00766072
128,36,pd,0.00711917
128,36,pd,0.00695173
128,36,pd,0.00540782
128,36,pd,0.00534062
128,36,pd,0.00518814
128,36,pd,0.00714549
128,36,pd,0.00716976
128,36,pd,0.0116675
128,36,pd,0.00801419
256,36,pd,0.0187417
256,36,pd,0.0148098
256,36,pd,0.0174718
256,36,pd,0.0104825
256,36,pd,0.029266
256,36,pd,0.0123238
256,36,pd,0.0117073
256,36,pd,0.0139699
256,36,pd,0.0153568
256,36,pd,0.01199
512,36,pd,0.0317767
512,36,pd,0.0313255
512,36,pd,0.0303046
512,36,pd,0.0338757
512,36,pd,0.029956
512,36,pd,0.0263856
512,36,pd,0.0255598
512,36,pd,0.0345863
512,36,pd,0.0348366
512,36,pd,0.0282286
1024,36,pd,0.0909561
1024,36,pd,0.0938491
1024,36,pd,0.0930851
1024,36,pd,0.0908787
1024,36,pd,0.0844996
1024,36,pd,0.0996821
1024,36,pd,0.0978113
1024,36,pd,0.0928925
1024,36,pd,0.0844028
1024,36,pd,0.0898272
2048,36,pd,1.37857
2048,36,pd,1.33231
2048,36,pd,1.31559
2048,36,pd,1.37159
2048,36,pd,1.3761
2048,36,pd,1.40534
2048,36,pd,1.33237
2048,36,pd,1.35385
2048,36,pd,1.40356
2048,36,pd,1.38678
4096,36,pd,22.2235
4096,36,pd,21.8491
4096,36,pd,21.9228
4096,36,pd,23.13
4096,36,pd,23.1258
4096,36,pd,23.0727
4096,36,pd,21.8063
4096,36,pd,20.3832
4096,36,pd,22.6427
4096,36,pd,18.9145
128,38,pd,0.0291971
128,38,pd,0.0177232
128,38,pd,0.0165635
128,38,pd,0.00779235
128,38,pd,0.0299882
128,38,pd,0.015437
128,38,pd,0.0148683
128,38,pd,0.0225906
128,38,pd,0.0348271
128,38,pd,0.0130691
256,38,pd,0.0150766
256,38,pd,0.0143721
256,38,pd,0.0284003
256,38,pd,0.0335467
256,38,pd,0.0242727
256,38,pd,0.0371693
256,38,pd,0.0342816
256,38,pd,0.0473612
256,38,pd,0.0722012
256,38,pd,0.0476411
512,38,pd,0.0464366
512,38,pd,0.057516
512,38,pd,0.0455978
512,38,pd,0.0528437
512,38,pd,0.0388851
512,38,pd,0.0365786
512,38,pd,0.0377237
512,38,pd,0.0463604
512,38,pd,0.0282537
512,38,pd,0.0333666
1024,38,pd,0.111746
1024,38,pd,0.128301
1024,38,pd,0.0997844
1024,38,pd,0.104814
1024,38,pd,0.0972827
1024,38,pd,0.103104
1024,38,pd,0.0895977
1024,38,pd,0.0994209
1024,38,pd,0.0964999
1024,38,pd,0.112089
2048,38,pd,1.30756
2048,38,pd,1.38209
2048,38,pd,1.38108
2048,38,pd,1.34363
2048,38,pd,1.37279
2048,38,pd,1.36972
2048,38,pd,1.36956
2048,38,pd,1.36645
2048,38,pd,1.42552
2048,38,pd,1.30182
4096,38,pd,22.2145
4096,38,pd,22.3738
4096,38,pd,20.0391
4096,38,pd,21.2905
4096,38,pd,23.0251
4096,38,pd,22.1757
4096,38,pd,22.1169
4096,38,pd,23.1709
4096,38,pd,21.7175
4096,38,pd,22.9366
128,40,pd,0.0304864
128,40,pd,0.0566159
128,40,pd,0.0370358
128,40,pd,0.0241911
128,40,pd,0.0111097
128,40,pd,0.0109772
128,40,pd,0.0103657
128,40,pd,0.0116593
128,40,pd,0.0163901
128,40,pd,0.0152311
256,40,pd,0.0432427
256,40,pd,0.0240894
256,40,pd,0.0129884
256,40,pd,0.0244233
256,40,pd,0.0183512
256,40,pd,0.0299424
256,40,pd,0.0169466
256,40,pd,0.0292016
256,40,pd,0.0425702
256,40,pd,0.0175772
512,40,pd,0.0354957
512,40,pd,0.0500712
512,40,pd,0.0282009
512,40,pd,0.0353266
512,40,pd,0.0347492
512,40,pd,0.0303013
512,40,pd,0.0422036
512,40,pd,0.0338775
512,40,pd,0.0516613
512,40,pd,0.0300711
1024,40,pd,0.111769
1024,40,pd,0.093027
1024,40,pd,0.101097
1024,40,pd,0.0931246
1024,40,pd,0.102322
1024,40,pd,0.0881368
1024,40,pd,0.101015
1024,40,pd,0.09944
1024,40,pd,0.105601
1024,40,pd,0.103631
2048,40,pd,1.32361
2048,40,pd,1.38664
2048,40,pd,1.35772
2048,40,pd,1.36516
2048,40,pd,1.37148
2048,40,pd,1.29808
2048,40,pd,1.32656
2048,40,pd,1.33909
2048,40,pd,1.35264
2048,40,pd,1.40043
4096,40,pd,21.4009
4096,40,pd,22.6895
4096,40,pd,20.8125
4096,40,pd,22.36
4096,40,pd,22.5957
4096,40,pd,22.0779
4096,40,pd,21.7522
4096,40,pd,21.7452
4096,40,pd,21.2686
4096,40,pd,22.4917
