128,1,f,0.00125095
128,1,f,0.00116781
128,1,f,0.00115152
128,1,f,0.00116527
128,1,f,0.00125198
128,1,f,0.00119178
128,1,f,0.00115332
128,1,f,0.00114376
128,1,f,0.00114628
128,1,f,0.00122721
256,1,f,0.00654982
256,1,f,0.00650248
256,1,f,0.00651367
256,1,f,0.00654875
256,1,f,0.00647869
256,1,f,0.00652066
256,1,f,0.00651405
256,1,f,0.00649946
256,1,f,0.00649739
256,1,f,0.00648933
512,1,f,0.0466468
512,1,f,0.0466594
512,1,f,0.0466008
512,1,f,0.0466654
512,1,f,0.0466764
512,1,f,0.0466761
512,1,f,0.0466293
512,1,f,0.0467275
512,1,f,0.0466021
512,1,f,0.0467151
1024,1,f,0.362801
1024,1,f,0.363375
1024,1,f,0.363095
1024,1,f,0.362942
1024,1,f,0.364157
1024,1,f,0.363644
1024,1,f,0.363002
1024,1,f,0.362931
1024,1,f,0.363036
1024,1,f,0.363093
2048,1,f,9.27237
2048,1,f,9.22003
128,1,f,0.00126111
128,1,f,0.00122909
128,1,f,0.00117526
128,1,f,0.00114484
128,1,f,0.00115878
128,1,f,0.00113769
128,1,f,0.00113888
128,1,f,0.00112639
128,1,f,0.00115725
128,1,f,0.00111686
256,1,f,0.00647419
256,1,f,0.00651244
256,1,f,0.00647843
256,1,f,0.00652879
256,1,f,0.00648288
256,1,f,0.00656234
256,1,f,0.0064891
256,1,f,0.00645438
256,1,f,0.00651462
256,1,f,0.00651227
512,1,f,0.0467396
512,1,f,0.0466103
512,1,f,0.0466133
512,1,f,0.0467397
512,1,f,0.0467033
512,1,f,0.0467632
512,1,f,0.0467007
512,1,f,0.0467157
512,1,f,0.046729
512,1,f,0.0467406
1024,1,f,0.362938
1024,1,f,0.362897
1024,1,f,0.363106
1024,1,f,0.36324
1024,1,f,0.360811
1024,1,f,0.363139
1024,1,f,0.363067
1024,1,f,0.363059
1024,1,f,0.361941
1024,1,f,0.363301
128,2,f,0.00246198
128,2,f,0.00240829
128,2,f,0.00238241
128,2,f,0.00239158
128,2,f,0.00238246
128,2,f,0.00239999
128,2,f,0.00236959
128,2,f,0.00241949
128,2,f,0.00239382
128,2,f,0.00240366
256,2,f,0.00689821
256,2,f,0.00686783
256,2,f,0.0069587
256,2,f,0.0068011
256,2,f,0.0066418
256,2,f,0.0067677
256,2,f,0.00699256
256,2,f,0.00675428
256,2,f,0.00678721
256,2,f,0.00689087
512,2,f,0.0305711
512,2,f,0.0308072
512,2,f,0.0304807
512,2,f,0.030922
512,2,f,0.0307778
512,2,f,0.0312307
512,2,f,0.0307502
512,2,f,0.0308826
512,2,f,0.0308921
512,2,f,0.031069
1024,2,f,0.199649
1024,2,f,0.200957
1024,2,f,0.200984
1024,2,f,0.201225
1024,2,f,0.199911
1024,2,f,0.200634
1024,2,f,0.199696
1024,2,f,0.200364
1024,2,f,0.199783
1024,2,f,0.200678
128,4,f,0.00266508
128,4,f,0.00244365
128,4,f,0.00257801
128,4,f,0.00254801
128,4,f,0.00246172
128,4,f,0.00247745
128,4,f,0.00243873
128,4,f,0.00239663
128,4,f,0.00242982
128,4,f,0.0024226
256,4,f,0.00585353
256,4,f,0.00593456
256,4,f,0.00589733
256,4,f,0.00585002
256,4,f,0.00568398
256,4,f,0.00582363
256,4,f,0.00572828
256,4,f,0.00588847
256,4,f,0.00582588
256,4,f,0.0058153
512,4,f,0.0203847
512,4,f,0.0205841
512,4,f,0.0204642
512,4,f,0.0205919
512,4,f,0.0205466
512,4,f,0.0204077
512,4,f,0.0208095
512,4,f,0.0208445
512,4,f,0.0206011
512,4,f,0.0205304
1024,4,f,0.112676
1024,4,f,0.112451
1024,4,f,0.113559
1024,4,f,0.113201
1024,4,f,0.113312
1024,4,f,0.113105
1024,4,f,0.112948
1024,4,f,0.11292
1024,4,f,0.113409
1024,4,f,0.112741
128,6,f,0.00294748
128,6,f,0.00287253
128,6,f,0.00298197
128,6,f,0.00284495
128,6,f,0.00290554
128,6,f,0.00283332
128,6,f,0.00285206
128,6,f,0.0029434
128,6,f,0.00280072
128,6,f,0.00291521
256,6,f,0.00602427
256,6,f,0.00597541
256,6,f,0.00597263
256,6,f,0.00629224
256,6,f,0.00589392
256,6,f,0.00604149
256,6,f,0.00588918
256,6,f,0.0061137
256,6,f,0.00595627
256,6,f,0.00596826
512,6,f,0.0181128
512,6,f,0.0179448
512,6,f,0.0179658
512,6,f,0.0178751
512,6,f,0.0180837
512,6,f,0.0179849
512,6,f,0.0180552
512,6,f,0.0178399
512,6,f,0.0178015
512,6,f,0.0179305
1024,6,f,0.0846127
1024,6,f,0.0850988
1024,6,f,0.0848207
1024,6,f,0.0850373
1024,6,f,0.0847186
1024,6,f,0.0853071
1024,6,f,0.0843505
1024,6,f,0.0849258
1024,6,f,0.0851824
1024,6,f,0.0844267
128,8,f,0.00334612
128,8,f,0.00335411
128,8,f,0.0033077
128,8,f,0.00320704
128,8,f,0.00344831
128,8,f,0.00332054
128,8,f,0.00328065
128,8,f,0.00321827
128,8,f,0.00315676
128,8,f,0.00345506
256,8,f,0.00660394
256,8,f,0.0064997
256,8,f,0.00661576
256,8,f,0.0065437
256,8,f,0.00648912
256,8,f,0.0066244
256,8,f,0.00642026
256,8,f,0.00643187
256,8,f,0.00655585
256,8,f,0.00655192
512,8,f,0.0175817
512,8,f,0.0175128
512,8,f,0.0177758
512,8,f,0.0176296
512,8,f,0.0175571
512,8,f,0.0174636
512,8,f,0.0175221
512,8,f,0.0174178
512,8,f,0.017665
512,8,f,0.0175535
1024,8,f,0.0727628
1024,8,f,0.0729192
1024,8,f,0.0729425
1024,8,f,0.0725615
1024,8,f,0.0719602
1024,8,f,0.0717682
1024,8,f,0.0719213
1024,8,f,0.0717089
1024,8,f,0.072907
1024,8,f,0.0730939
128,10,f,0.00413818
128,10,f,0.00430336
128,10,f,0.0040493
128,10,f,0.00412085
128,10,f,0.00392135
128,10,f,0.00410887
128,10,f,0.00414921
128,10,f,0.00405008
128,10,f,0.00400043
128,10,f,0.00394794
256,10,f,0.0074256
256,10,f,0.00754877
256,10,f,0.00731966
256,10,f,0.00731205
256,10,f,0.00728999
256,10,f,0.00743363
256,10,f,0.00736093
256,10,f,0.00728345
256,10,f,0.00740754
256,10,f,0.00740242
512,10,f,0.0177835
512,10,f,0.017888
512,10,f,0.0174946
512,10,f,0.0175326
512,10,f,0.0176069
512,10,f,0.0174989
512,10,f,0.0177958
512,10,f,0.0174983
512,10,f,0.0177535
512,10,f,0.0175898
1024,10,f,0.0651129
1024,10,f,0.0657793
1024,10,f,0.0662915
1024,10,f,0.0653975
1024,10,f,0.0658835
1024,10,f,0.0665022
1024,10,f,0.0665204
1024,10,f,0.0654109
1024,10,f,0.065738
1024,10,f,0.0660576
128,12,f,0.00457969
128,12,f,0.00453259
128,12,f,0.00452866
128,12,f,0.00452134
128,12,f,0.00460609
128,12,f,0.00460308
128,12,f,0.00475045
128,12,f,0.0045258
128,12,f,0.00466837
128,12,f,0.00458651
256,12,f,0.00802809
256,12,f,0.0081441
256,12,f,0.00820743
256,12,f,0.0083191
256,12,f,0.00831614
256,12,f,0.00813949
256,12,f,0.00820377
256,12,f,0.00824684
256,12,f,0.00820819
256,12,f,0.00826136
512,12,f,0.0187013
512,12,f,0.0184928
512,12,f,0.0186023
512,12,f,0.0185615
512,12,f,0.0185182
512,12,f,0.018422
512,12,f,0.0185219
512,12,f,0.0185873
512,12,f,0.018579
512,12,f,0.0183808
1024,12,f,0.0617176
1024,12,f,0.0621853
1024,12,f,0.0623432
1024,12,f,0.062564
1024,12,f,0.0617839
1024,12,f,0.0624699
1024,12,f,0.0623668
1024,12,f,0.0616837
1024,12,f,0.0623018
1024,12,f,0.067696
128,14,f,0.00528921
128,14,f,0.00507022
128,14,f,0.00531117
128,14,f,0.00518749
128,14,f,0.00525495
128,14,f,0.00502759
128,14,f,0.00509825
128,14,f,0.00520961
128,14,f,0.00535225
128,14,f,0.00520112
256,14,f,0.00908807
256,14,f,0.00920428
256,14,f,0.00919581
256,14,f,0.00915983
256,14,f,0.00902267
256,14,f,0.00900578
256,14,f,0.00914963
256,14,f,0.00927566
256,14,f,0.00923103
256,14,f,0.00920483
512,14,f,0.019618
512,14,f,0.0202537
512,14,f,0.019724
512,14,f,0.0197318
512,14,f,0.0198699
512,14,f,0.019498
512,14,f,0.0196619
512,14,f,0.0196979
512,14,f,0.0196417
512,14,f,0.0196183
1024,14,f,0.0611309
1024,14,f,0.0610046
1024,14,f,0.0607687
1024,14,f,0.0612042
1024,14,f,0.0613874
1024,14,f,0.0610535
1024,14,f,0.0607545
1024,14,f,0.0604942
1024,14,f,0.0754252
1024,14,f,0.0609089
128,16,f,0.00600699
128,16,f,0.00589471
128,16,f,0.0059329
128,16,f,0.00587119
128,16,f,0.00581998
128,16,f,0.00579579
128,16,f,0.00578807
128,16,f,0.00584068
128,16,f,0.00578986
128,16,f,0.00590466
256,16,f,0.0102974
256,16,f,0.0102402
256,16,f,0.0104158
256,16,f,0.0104375
256,16,f,0.010247
256,16,f,0.010072
256,16,f,0.0101745
256,16,f,0.0100115
256,16,f,0.0100413
256,16,f,0.0100116
512,16,f,0.0208643
512,16,f,0.0211761
512,16,f,0.0210408
512,16,f,0.0211221
512,16,f,0.02089
512,16,f,0.0208481
512,16,f,0.0208441
512,16,f,0.0209021
512,16,f,0.020802
512,16,f,0.0207937
1024,16,f,0.0611612
1024,16,f,0.0682621
1024,16,f,0.0615721
1024,16,f,0.0609639
1024,16,f,0.0611999
1024,16,f,0.0608771
1024,16,f,0.0612333
1024,16,f,0.0608548
1024,16,f,0.0609075
1024,16,f,0.0608979
128,18,f,0.00652127
128,18,f,0.00675138
128,18,f,0.00685589
128,18,f,0.00649586
128,18,f,0.00644989
128,18,f,0.00668792
128,18,f,0.00653387
128,18,f,0.00645358
128,18,f,0.00634593
128,18,f,0.00666023
256,18,f,0.0112183
256,18,f,0.0113817
256,18,f,0.011216
256,18,f,0.0111223
256,18,f,0.010991
256,18,f,0.0111508
256,18,f,0.0110559
256,18,f,0.0109156
256,18,f,0.0110883
256,18,f,0.0111565
512,18,f,0.0224838
512,18,f,0.0220836
512,18,f,0.0223046
512,18,f,0.0221166
512,18,f,0.0221562
512,18,f,0.022207
512,18,f,0.0223023
512,18,f,0.0223982
512,18,f,0.0225192
512,18,f,0.022549
1024,18,f,0.0616019
1024,18,f,0.061302
1024,18,f,0.0613515
1024,18,f,0.0610591
1024,18,f,0.060617
1024,18,f,0.0610688
1024,18,f,0.0611568
1024,18,f,0.0609647
1024,18,f,0.0613003
1024,18,f,0.0609504
128,20,f,0.00695622
128,20,f,0.00710693
128,20,f,0.00698793
128,20,f,0.00683516
128,20,f,0.00694226
128,20,f,0.00694851
128,20,f,0.00702516
128,20,f,0.00710518
128,20,f,0.00720073
128,20,f,0.00688107
256,20,f,0.0119774
256,20,f,0.0120204
256,20,f,0.0119345
256,20,f,0.0119354
256,20,f,0.0120045
256,20,f,0.0119648
256,20,f,0.011999
256,20,f,0.0119661
256,20,f,0.0120051
256,20,f,0.0147747
512,20,f,0.033444
512,20,f,0.0239895
512,20,f,0.0235834
512,20,f,0.0238625
512,20,f,0.0232196
512,20,f,0.0232397
512,20,f,0.0234007
512,20,f,0.0235204
512,20,f,0.0236314
512,20,f,0.0237194
1024,20,f,0.0619681
1024,20,f,0.0625042
1024,20,f,0.0616422
1024,20,f,0.062158
1024,20,f,0.0623869
1024,20,f,0.0629325
1024,20,f,0.0619881
1024,20,f,0.0623449
1024,20,f,0.0622747
1024,20,f,0.0616274
128,22,f,0.00757948
128,22,f,0.00762808
128,22,f,0.00730379
128,22,f,0.00757318
128,22,f,0.00753256
128,22,f,0.00770766
128,22,f,0.00773919
128,22,f,0.00762981
128,22,f,0.00782345
128,22,f,0.00764546
256,22,f,0.0131281
256,22,f,0.0131283
256,22,f,0.0129533
256,22,f,0.0128779
256,22,f,0.013013
256,22,f,0.0129143
256,22,f,0.0127338
256,22,f,0.0129371
256,22,f,0.0128152
256,22,f,0.0128807
512,22,f,0.0251022
512,22,f,0.0252546
512,22,f,0.0253268
512,22,f,0.0295713
512,22,f,0.0253582
512,22,f,0.0250815
512,22,f,0.0246684
512,22,f,0.0253594
512,22,f,0.0251981
512,22,f,0.0257031
1024,22,f,0.0634008
1024,22,f,0.0631588
1024,22,f,0.0634194
1024,22,f,0.0631326
1024,22,f,0.0633467
1024,22,f,0.063584
1024,22,f,0.0630079
1024,22,f,0.063694
1024,22,f,0.0632234
1024,22,f,0.0636361
128,24,f,0.0080127
128,24,f,0.008002
128,24,f,0.0081339
128,24,f,0.00786212
128,24,f,0.00815404
128,24,f,0.00784266
128,24,f,0.00796692
128,24,f,0.00822444
128,24,f,0.0081199
128,24,f,0.0080986
256,24,f,0.013879
256,24,f,0.0138881
256,24,f,0.0138057
256,24,f,0.0136739
256,24,f,0.0137444
256,24,f,0.0137428
256,24,f,0.0137811
256,24,f,0.013915
256,24,f,0.0138104
256,24,f,0.0138525
512,24,f,0.0265317
512,24,f,0.0269867
512,24,f,0.0264394
512,24,f,0.026591
512,24,f,0.0265887
512,24,f,0.0267247
512,24,f,0.0267128
512,24,f,0.0266224
512,24,f,0.026509
512,24,f,0.0265456
1024,24,f,0.0644651
1024,24,f,0.0643694
1024,24,f,0.0643411
1024,24,f,0.0646992
1024,24,f,0.0646073
1024,24,f,0.0644577
1024,24,f,0.065095
1024,24,f,0.0645144
1024,24,f,0.0652397
1024,24,f,0.0649514
128,26,f,0.00847676
128,26,f,0.00920591
128,26,f,0.00850817
128,26,f,0.00851601
128,26,f,0.0083254
128,26,f,0.00835208
128,26,f,0.00848086
128,26,f,0.00837389
128,26,f,0.0083519
128,26,f,0.0082332
256,26,f,0.0148876
256,26,f,0.0146648
256,26,f,0.0145619
256,26,f,0.0153238
256,26,f,0.0144686
256,26,f,0.0147969
256,26,f,0.014942
256,26,f,0.0179723
256,26,f,0.0145558
256,26,f,0.0153493
512,26,f,0.0280402
512,26,f,0.0282104
512,26,f,0.0285891
512,26,f,0.0282657
512,26,f,0.0281359
512,26,f,0.0287155
512,26,f,0.02803
512,26,f,0.0283267
512,26,f,0.0279604
512,26,f,0.0282901
1024,26,f,0.0673353
1024,26,f,0.0666752
1024,26,f,0.0659123
1024,26,f,0.0661402
1024,26,f,0.0655673
1024,26,f,0.06618
1024,26,f,0.0668444
1024,26,f,0.0658145
1024,26,f,0.0662784
1024,26,f,0.0657948
128,28,f,0.00923415
128,28,f,0.00917292
128,28,f,0.00914627
128,28,f,0.00910605
128,28,f,0.00890507
128,28,f,0.0089589
128,28,f,0.00911297
128,28,f,0.00891246
128,28,f,0.00884289
128,28,f,0.00908213
256,28,f,0.0154411
256,28,f,0.0157447
256,28,f,0.015577
256,28,f,0.0154625
256,28,f,0.0156635
256,28,f,0.0174283
256,28,f,0.0161748
256,28,f,0.0199952
256,28,f,0.0159546
256,28,f,0.0154888
512,28,f,0.0300544
512,28,f,0.0296924
512,28,f,0.0298681
512,28,f,0.0299788
512,28,f,0.0299979
512,28,f,0.0299945
512,28,f,0.0302048
512,28,f,0.0298537
512,28,f,0.029926
512,28,f,0.0302511
1024,28,f,0.0672843
1024,28,f,0.0681332
1024,28,f,0.0679853
1024,28,f,0.0676733
1024,28,f,0.068248
1024,28,f,0.0672014
1024,28,f,0.0678805
1024,28,f,0.0687933
1024,28,f,0.0722285
1024,28,f,0.0675954
128,30,f,0.00987934
128,30,f,0.0097339
128,30,f,0.00953422
128,30,f,0.00930202
128,30,f,0.00985996
128,30,f,0.00933041
128,30,f,0.00971304
128,30,f,0.00947563
128,30,f,0.00995777
128,30,f,0.00976346
256,30,f,0.0168386
256,30,f,0.0163623
256,30,f,0.0169545
256,30,f,0.0166682
256,30,f,0.0164372
256,30,f,0.0164221
256,30,f,0.01665
256,30,f,0.0162299
256,30,f,0.0166717
256,30,f,0.0166264
512,30,f,0.0317464
512,30,f,0.0321759
512,30,f,0.0317432
512,30,f,0.0316451
512,30,f,0.0319305
512,30,f,0.0317642
512,30,f,0.0402654
512,30,f,0.0367816
512,30,f,0.0318668
512,30,f,0.0319059
1024,30,f,0.069132
1024,30,f,0.0693723
1024,30,f,0.0694379
1024,30,f,0.0692292
1024,30,f,0.0700627
1024,30,f,0.0697197
1024,30,f,0.0695394
1024,30,f,0.0698434
1024,30,f,0.0693872
1024,30,f,0.0690051
128,32,f,0.0103922
128,32,f,0.0101629
128,32,f,0.0103327
128,32,f,0.0100113
128,32,f,0.0102825
128,32,f,0.00986701
128,32,f,0.00979752
128,32,f,0.00987885
128,32,f,0.0100451
128,32,f,0.00997561
256,32,f,0.0170506
256,32,f,0.017371
256,32,f,0.0174541
256,32,f,0.0171535
256,32,f,0.0174981
256,32,f,0.0173675
256,32,f,0.0173814
256,32,f,0.0175113
256,32,f,0.0176329
256,32,f,0.0173983
512,32,f,0.0333637
512,32,f,0.0334652
512,32,f,0.0333175
512,32,f,0.033653
512,32,f,0.0331756
512,32,f,0.0333327
512,32,f,0.033297
512,32,f,0.0330739
512,32,f,0.0332135
512,32,f,0.0331162
1024,32,f,0.0718459
1024,32,f,0.072397
1024,32,f,0.0723304
1024,32,f,0.0719194
1024,32,f,0.0730257
1024,32,f,0.0719564
1024,32,f,0.0719541
1024,32,f,0.071547
1024,32,f,0.0719943
1024,32,f,0.0721213
128,34,f,0.0108722
128,34,f,0.011124
128,34,f,0.0106123
128,34,f,0.0108465
128,34,f,0.0105294
128,34,f,0.0107282
128,34,f,0.0106738
128,34,f,0.0103475
128,34,f,0.0107064
128,34,f,0.0105195
256,34,f,0.0185964
256,34,f,0.0179985
256,34,f,0.0183868
256,34,f,0.0187408
256,34,f,0.0183779
256,34,f,0.0183758
256,34,f,0.018654
256,34,f,0.0182423
256,34,f,0.0181796
256,34,f,0.0184624
512,34,f,0.0355987
512,34,f,0.0352424
512,34,f,0.0355562
512,34,f,0.0354641
512,34,f,0.0354563
512,34,f,0.0351159
512,34,f,0.0354714
512,34,f,0.0356542
512,34,f,0.0356494
512,34,f,0.0361002
1024,34,f,0.0868777
1024,34,f,0.0875918
1024,34,f,0.094698
1024,34,f,0.0922522
1024,34,f,0.0939676
1024,34,f,0.0882096
1024,34,f,0.0887669
1024,34,f,0.0876387
1024,34,f,0.0928052
1024,34,f,0.0886772
128,36,f,0.0112839
128,36,f,0.0109727
128,36,f,0.0114148
128,36,f,0.0113246
128,36,f,0.0113904
128,36,f,0.011305
128,36,f,0.0116023
128,36,f,0.0110341
128,36,f,0.0113563
128,36,f,0.0115606
256,36,f,0.0195625
256,36,f,0.0194682
256,36,f,0.0191321
256,36,f,0.0192251
256,36,f,0.0192287
256,36,f,0.019213
256,36,f,0.0192203
256,36,f,0.0236028
256,36,f,0.0193149
256,36,f,0.0192923
512,36,f,0.0372026
512,36,f,0.0376654
512,36,f,0.0368136
512,36,f,0.0375811
512,36,f,0.036925
512,36,f,0.0417397
512,36,f,0.0374822
512,36,f,0.0373104
512,36,f,0.0374588
512,36,f,0.0373413
1024,36,f,0.093014
1024,36,f,0.0971784
1024,36,f,0.0955024
1024,36,f,0.0959245
1024,36,f,0.0936268
1024,36,f,0.0987728
1024,36,f,0.0973147
1024,36,f,0.0968583
1024,36,f,0.092811
1024,36,f,0.0986052
128,38,f,0.0116585
128,38,f,0.0119056
128,38,f,0.0120087
128,38,f,0.0119468
128,38,f,0.0168538
128,38,f,0.0117425
128,38,f,0.0119537
128,38,f,0.0117664
128,38,f,0.0122319
128,38,f,0.0119653
256,38,f,0.0203011
256,38,f,0.0202454
256,38,f,0.0200798
256,38,f,0.0201842
256,38,f,0.0203738
256,38,f,0.0200966
256,38,f,0.0203254
256,38,f,0.0202176
256,38,f,0.0202152
256,38,f,0.0200234
512,38,f,0.0394532
512,38,f,0.0391364
512,38,f,0.0395667
512,38,f,0.0394504
512,38,f,0.0391755
512,38,f,0.0398582
512,38,f,0.0392629
512,38,f,0.0396311
512,38,f,0.0393515
512,38,f,0.039324
1024,38,f,0.101013
1024,38,f,0.102421
1024,38,f,0.0979093
1024,38,f,0.0976907
1024,38,f,0.102583
1024,38,f,0.0970347
1024,38,f,0.100256
1024,38,f,0.0998115
1024,38,f,0.102963
1024,38,f,0.102712
128,40,f,0.0122751
128,40,f,0.0122302
128,40,f,0.0123535
128,40,f,0.0123305
128,40,f,0.0126514
128,40,f,0.0122733
128,40,f,0.0121644
128,40,f,0.0123498
128,40,f,0.0123458
128,40,f,0.0119767
256,40,f,0.0213852
256,40,f,0.0212852
256,40,f,0.0211185
256,40,f,0.0214766
256,40,f,0.0217311
256,40,f,0.0213723
256,40,f,0.0212279
256,40,f,0.0213694
256,40,f,0.0215205
256,40,f,0.021144
512,40,f,0.0421214
512,40,f,0.0415212
512,40,f,0.0419076
512,40,f,0.0416239
512,40,f,0.0576075
512,40,f,0.0415986
512,40,f,0.0410341
512,40,f,0.0415253
512,40,f,0.0413404
512,40,f,0.0413551
1024,40,f,0.105897
1024,40,f,0.0999513
1024,40,f,0.10221
1024,40,f,0.102539
1024,40,f,0.10816
1024,40,f,0.105411
1024,40,f,0.107219
1024,40,f,0.112019
1024,40,f,0.107933
1024,40,f,0.102951
128,2,f,0.00252507
128,2,f,0.00249748
128,2,f,0.00236479
128,2,f,0.00250046
128,2,f,0.00238355
128,2,f,0.00243387
128,2,f,0.00240638
128,2,f,0.00242579
128,2,f,0.00235668
128,2,f,0.00239412
256,2,f,0.00691314
256,2,f,0.00737864
256,2,f,0.00647701
256,2,f,0.00665349
256,2,f,0.00686512
256,2,f,0.0068476
256,2,f,0.00683438
256,2,f,0.00681705
256,2,f,0.0067195
256,2,f,0.00670165
512,2,f,0.0306559
512,2,f,0.0310425
512,2,f,0.0306329
512,2,f,0.0307248
512,2,f,0.0306308
512,2,f,0.0310173
512,2,f,0.0305296
512,2,f,0.0311969
512,2,f,0.0307536
512,2,f,0.0308155
1024,2,f,0.199614
1024,2,f,0.199991
1024,2,f,0.199996
1024,2,f,0.19991
1024,2,f,0.199986
1024,2,f,0.198992
1024,2,f,0.200146
1024,2,f,0.200561
1024,2,f,0.199949
1024,2,f,0.20163
2048,2,f,4.78254
2048,2,f,4.6807
2048,2,f,4.68964
2048,2,f,4.66862
2048,2,f,4.61373
2048,2,f,4.63985
2048,2,f,4.67636
2048,2,f,4.74836
2048,2,f,4.78529
2048,2,f,4.79494
4096,2,f,67.5419
4096,2,f,66.9152
4096,2,f,69.2183
4096,2,f,69.5734
4096,2,f,66.4042
4096,2,f,68.8783
4096,2,f,68.643
4096,2,f,68.931
4096,2,f,69.9232
4096,2,f,67.859
128,4,f,0.00278132
128,4,f,0.00245884
128,4,f,0.00246063
128,4,f,0.00243252
128,4,f,0.00245077
128,4,f,0.00245967
128,4,f,0.00253004
128,4,f,0.00240825
128,4,f,0.00251481
128,4,f,0.00252554
256,4,f,0.00586652
256,4,f,0.00588551
256,4,f,0.00588393
256,4,f,0.00579611
256,4,f,0.00581555
256,4,f,0.00591782
256,4,f,0.00586172
256,4,f,0.0058759
256,4,f,0.00589725
256,4,f,0.00592121
512,4,f,0.0211949
512,4,f,0.0205189
512,4,f,0.0206267
512,4,f,0.0205688
512,4,f,0.0203689
512,4,f,0.0207769
512,4,f,0.0203455
512,4,f,0.0207838
512,4,f,0.0203948
512,4,f,0.0206587
1024,4,f,0.113214
1024,4,f,0.113243
1024,4,f,0.112936
1024,4,f,0.112806
1024,4,f,0.112697
1024,4,f,0.113205
1024,4,f,0.112434
1024,4,f,0.112795
1024,4,f,0.112855
1024,4,f,0.113173
2048,4,f,1.952
2048,4,f,1.94818
2048,4,f,1.94764
2048,4,f,1.94973
2048,4,f,1.94354
2048,4,f,1.95559
2048,4,f,1.96549
2048,4,f,1.94533
2048,4,f,1.96303
2048,4,f,1.95402
4096,4,f,40.6982
4096,4,f,38.4341
4096,4,f,38.766
4096,4,f,39.2238
4096,4,f,38.2787
4096,4,f,38.4051
4096,4,f,38.2078
4096,4,f,38.9494
4096,4,f,38.6665
4096,4,f,38.9777
128,6,f,0.00300575
128,6,f,0.00294866
128,6,f,0.00300351
128,6,f,0.00286749
128,6,f,0.00288059
128,6,f,0.00284687
128,6,f,0.00283664
128,6,f,0.00277773
128,6,f,0.00284863
128,6,f,0.00281358
256,6,f,0.00603123
256,6,f,0.00598256
256,6,f,0.00596705
256,6,f,0.00608749
256,6,f,0.00597929
256,6,f,0.00597617
256,6,f,0.00619186
256,6,f,0.00589864
256,6,f,0.00610097
256,6,f,0.00598549
512,6,f,0.0179902
512,6,f,0.0179298
512,6,f,0.0179953
512,6,f,0.0179861
512,6,f,0.0179587
512,6,f,0.0178751
512,6,f,0.0179017
512,6,f,0.0180237
512,6,f,0.0180064
512,6,f,0.0178742
1024,6,f,0.0855118
1024,6,f,0.0850799
1024,6,f,0.0853554
1024,6,f,0.0846734
1024,6,f,0.0847295
1024,6,f,0.0849981
1024,6,f,0.0850009
1024,6,f,0.0843086
1024,6,f,0.0841822
1024,6,f,0.0850642
2048,6,f,1.34028
2048,6,f,1.32895
2048,6,f,1.3414
2048,6,f,1.33734
2048,6,f,1.34575
2048,6,f,1.33008
2048,6,f,1.33963
2048,6,f,1.33755
2048,6,f,1.35484
2048,6,f,1.31843
4096,6,f,22.1833
4096,6,f,22.1289
4096,6,f,22.4062
4096,6,f,22.2905
4096,6,f,22.3392
4096,6,f,22.5608
4096,6,f,22.303
4096,6,f,22.3256
4096,6,f,22.0796
4096,6,f,22.5624
128,8,f,0.00349627
128,8,f,0.00332304
128,8,f,0.00337846
128,8,f,0.00330563
128,8,f,0.00328633
128,8,f,0.00325569
128,8,f,0.0034258
128,8,f,0.00329824
128,8,f,0.00327514
128,8,f,0.00322683
256,8,f,0.00653257
256,8,f,0.00654726
256,8,f,0.0067328
256,8,f,0.00647052
256,8,f,0.00664228
256,8,f,0.00656467
256,8,f,0.00657585
256,8,f,0.00663659
256,8,f,0.00661897
256,8,f,0.00649314
512,8,f,0.0175143
512,8,f,0.0175241
512,8,f,0.0173843
512,8,f,0.0175374
512,8,f,0.0174567
512,8,f,0.017438
512,8,f,0.0173435
512,8,f,0.0174218
512,8,f,0.0171464
512,8,f,0.0172815
1024,8,f,0.0742144
1024,8,f,0.0726919
1024,8,f,0.0721409
1024,8,f,0.0725809
1024,8,f,0.0724647
1024,8,f,0.0722254
1024,8,f,0.0720287
1024,8,f,0.0723532
1024,8,f,0.0722378
1024,8,f,0.0718765
2048,8,f,1.01012
2048,8,f,1.01964
2048,8,f,1.01148
2048,8,f,1.01435
2048,8,f,1.00747
2048,8,f,1.00427
2048,8,f,1.00181
2048,8,f,1.00822
2048,8,f,1.01544
2048,8,f,1.00913
4096,8,f,14.8865
4096,8,f,14.8471
4096,8,f,14.9773
4096,8,f,14.733
4096,8,f,14.8132
4096,8,f,14.9692
4096,8,f,14.8983
4096,8,f,14.9766
4096,8,f,14.7746
4096,8,f,14.8047
128,10,f,0.00406659
128,10,f,0.00418769
128,10,f,0.00399201
128,10,f,0.00403229
128,10,f,0.00409321
128,10,f,0.00394337
128,10,f,0.00400978
128,10,f,0.00402063
128,10,f,0.004
128,10,f,0.00406008
256,10,f,0.0073893
256,10,f,0.00742643
256,10,f,0.00745809
256,10,f,0.00744563
256,10,f,0.00744733
256,10,f,0.00735746
256,10,f,0.00745939
256,10,f,0.00753991
256,10,f,0.00745156
256,10,f,0.00730312
512,10,f,0.0178582
512,10,f,0.0177906
512,10,f,0.0175752
512,10,f,0.0177102
512,10,f,0.0174254
512,10,f,0.0175043
512,10,f,0.017523
512,10,f,0.0176565
512,10,f,0.0174997
512,10,f,0.0176168
1024,10,f,0.0653799
1024,10,f,0.0663497
1024,10,f,0.0660011
1024,10,f,0.0661318
1024,10,f,0.0655139
1024,10,f,0.0666121
1024,10,f,0.0662072
1024,10,f,0.0659977
1024,10,f,0.065468
1024,10,f,0.0678023
2048,10,f,0.824841
2048,10,f,0.823918
2048,10,f,0.824743
2048,10,f,0.824708
2048,10,f,0.823858
2048,10,f,0.825965
2048,10,f,0.823288
2048,10,f,0.823185
2048,10,f,0.827239
2048,10,f,0.824746
4096,10,f,10.606
4096,10,f,10.6356
4096,10,f,10.6432
4096,10,f,10.7147
4096,10,f,10.629
4096,10,f,10.5897
4096,10,f,10.7103
4096,10,f,10.6611
4096,10,f,10.6211
4096,10,f,10.6572
128,12,f,0.00484846
128,12,f,0.0047824
128,12,f,0.0047012
128,12,f,0.00472214
128,12,f,0.00475009
128,12,f,0.00460171
128,12,f,0.00478287
128,12,f,0.00495907
128,12,f,0.00490798
128,12,f,0.00470376
256,12,f,0.00835159
256,12,f,0.0083625
256,12,f,0.00850307
256,12,f,0.00841162
256,12,f,0.00834982
256,12,f,0.0083714
256,12,f,0.00839663
256,12,f,0.00838139
256,12,f,0.00853472
256,12,f,0.00836022
512,12,f,0.01852
512,12,f,0.0184892
512,12,f,0.0186433
512,12,f,0.0187228
512,12,f,0.0184115
512,12,f,0.0186146
512,12,f,0.018758
512,12,f,0.0184511
512,12,f,0.0188948
512,12,f,0.0184714
1024,12,f,0.062924
1024,12,f,0.0626178
1024,12,f,0.0620852
1024,12,f,0.0637877
1024,12,f,0.0629036
1024,12,f,0.063253
1024,12,f,0.0625676
1024,12,f,0.0626967
1024,12,f,0.0631715
1024,12,f,0.0660875
2048,12,f,0.704101
2048,12,f,0.700426
2048,12,f,0.706818
2048,12,f,0.707747
2048,12,f,0.704896
2048,12,f,0.702866
2048,12,f,0.725384
2048,12,f,0.708686
2048,12,f,0.706575
2048,12,f,0.710767
4096,12,f,8.73778
4096,12,f,8.74878
4096,12,f,8.71355
4096,12,f,8.67864
4096,12,f,8.75083
4096,12,f,8.6173
4096,12,f,8.78122
4096,12,f,8.74571
4096,12,f,8.63438
4096,12,f,8.80349
128,14,f,0.00565787
128,14,f,0.00567914
128,14,f,0.00555679
128,14,f,0.00549572
128,14,f,0.00542223
128,14,f,0.0055686
128,14,f,0.00539136
128,14,f,0.00535518
128,14,f,0.00525138
128,14,f,0.00531993
256,14,f,0.00910788
256,14,f,0.00903793
256,14,f,0.00919004
256,14,f,0.0091035
256,14,f,0.00948002
256,14,f,0.00908181
256,14,f,0.0092283
256,14,f,0.00935577
256,14,f,0.00928993
256,14,f,0.00922455
512,14,f,0.0196612
512,14,f,0.0196849
512,14,f,0.0196125
512,14,f,0.0195605
512,14,f,0.019679
512,14,f,0.0197735
512,14,f,0.0197917
512,14,f,0.0196336
512,14,f,0.0199119
512,14,f,0.0197223
1024,14,f,0.0609253
1024,14,f,0.0612663
1024,14,f,0.0610004
1024,14,f,0.0612936
1024,14,f,0.0612553
1024,14,f,0.0609012
1024,14,f,0.0612865
1024,14,f,0.0613006
1024,14,f,0.0612233
1024,14,f,0.0661844
2048,14,f,0.544953
2048,14,f,0.616382
2048,14,f,0.617255
2048,14,f,0.620199
2048,14,f,0.614096
2048,14,f,0.620984
2048,14,f,0.620343
2048,14,f,0.623075
2048,14,f,0.666923
2048,14,f,0.618677
4096,14,f,7.75636
4096,14,f,7.4191
4096,14,f,7.44042
4096,14,f,7.4539
4096,14,f,7.53872
4096,14,f,7.56241
4096,14,f,7.56215
4096,14,f,7.52645
4096,14,f,7.47764
4096,14,f,7.63513
128,16,f,0.00625337
128,16,f,0.00588021
128,16,f,0.00604334
128,16,f,0.00588301
128,16,f,0.005897
128,16,f,0.00603004
128,16,f,0.00591456
128,16,f,0.00601971
128,16,f,0.0058518
128,16,f,0.00592101
256,16,f,0.0103306
256,16,f,0.010339
256,16,f,0.0103838
256,16,f,0.0102416
256,16,f,0.0102097
256,16,f,0.010424
256,16,f,0.0102498
256,16,f,0.0102194
256,16,f,0.010414
256,16,f,0.0102314
512,16,f,0.0209826
512,16,f,0.0209732
512,16,f,0.0208143
512,16,f,0.0210611
512,16,f,0.0222619
512,16,f,0.0209861
512,16,f,0.0208636
512,16,f,0.0210597
512,16,f,0.020927
512,16,f,0.0208577
1024,16,f,0.0612002
1024,16,f,0.0605809
1024,16,f,0.060925
1024,16,f,0.0609538
1024,16,f,0.0604815
1024,16,f,0.0606364
1024,16,f,0.0609512
1024,16,f,0.0607356
1024,16,f,0.0801583
1024,16,f,0.06051
2048,16,f,0.56092
2048,16,f,0.55891
2048,16,f,0.559895
2048,16,f,0.560502
2048,16,f,0.559781
2048,16,f,0.557496
2048,16,f,0.552789
2048,16,f,0.56015
2048,16,f,0.559076
2048,16,f,0.558765
4096,16,f,6.6389
4096,16,f,6.49588
4096,16,f,6.56598
4096,16,f,6.64524
4096,16,f,6.58709
4096,16,f,6.58638
4096,16,f,6.65578
4096,16,f,6.49229
4096,16,f,6.65897
4096,16,f,6.62313
128,18,f,0.00662403
128,18,f,0.00657254
128,18,f,0.00642147
128,18,f,0.00649244
128,18,f,0.00661835
128,18,f,0.0065457
128,18,f,0.00661536
128,18,f,0.00646638
128,18,f,0.00629463
128,18,f,0.00640704
256,18,f,0.0110104
256,18,f,0.0112182
256,18,f,0.0110847
256,18,f,0.0111186
256,18,f,0.0112498
256,18,f,0.0112472
256,18,f,0.0125793
256,18,f,0.0112693
256,18,f,0.0111171
256,18,f,0.0111346
512,18,f,0.0220868
512,18,f,0.0221198
512,18,f,0.0223714
512,18,f,0.0220907
512,18,f,0.0221699
512,18,f,0.0221473
512,18,f,0.0221265
512,18,f,0.0223017
512,18,f,0.0221988
512,18,f,0.0223051
1024,18,f,0.0607228
1024,18,f,0.0612599
1024,18,f,0.0613749
1024,18,f,0.0613733
1024,18,f,0.0612889
1024,18,f,0.0613348
1024,18,f,0.0615368
1024,18,f,0.0626035
1024,18,f,0.0644941
1024,18,f,0.060591
2048,18,f,0.506616
2048,18,f,0.508922
2048,18,f,0.510572
2048,18,f,0.508524
2048,18,f,0.509224
2048,18,f,0.509752
2048,18,f,0.509524
2048,18,f,0.510564
2048,18,f,0.510923
2048,18,f,0.51726
4096,18,f,6.39582
4096,18,f,6.45849
4096,18,f,6.42251
4096,18,f,6.5934
4096,18,f,6.63045
4096,18,f,6.46253
4096,18,f,6.60423
4096,18,f,6.60902
4096,18,f,6.536
4096,18,f,6.70674
128,20,f,0.0074223
128,20,f,0.00704796
128,20,f,0.00722527
128,20,f,0.00785451
128,20,f,0.00694148
128,20,f,0.00709408
128,20,f,0.00723563
128,20,f,0.00733664
128,20,f,0.00694188
128,20,f,0.00697981
256,20,f,0.0122749
256,20,f,0.0122107
256,20,f,0.0122814
256,20,f,0.0119365
256,20,f,0.0121696
256,20,f,0.0121056
256,20,f,0.012088
256,20,f,0.0120544
256,20,f,0.0122852
256,20,f,0.0123149
512,20,f,0.023568
512,20,f,0.0243972
512,20,f,0.0236477
512,20,f,0.0235086
512,20,f,0.0235914
512,20,f,0.0233671
512,20,f,0.023604
512,20,f,0.0236542
512,20,f,0.0235179
512,20,f,0.0236852
1024,20,f,0.061941
1024,20,f,0.061993
1024,20,f,0.0617265
1024,20,f,0.0622047
1024,20,f,0.061528
1024,20,f,0.0620986
1024,20,f,0.0617663
1024,20,f,0.0687059
1024,20,f,0.0620176
1024,20,f,0.0619967
2048,20,f,0.474632
2048,20,f,0.478296
2048,20,f,0.472768
2048,20,f,0.470193
2048,20,f,0.47296
2048,20,f,0.472073
2048,20,f,0.471333
2048,20,f,0.470322
2048,20,f,0.479261
2048,20,f,0.611136
4096,20,f,5.94152
4096,20,f,5.61781
4096,20,f,5.75572
4096,20,f,5.65817
4096,20,f,5.89428
4096,20,f,5.72417
4096,20,f,5.76041
4096,20,f,5.90361
4096,20,f,5.73222
4096,20,f,5.71939
128,22,f,0.00757448
128,22,f,0.00766796
128,22,f,0.00756914
128,22,f,0.007634
128,22,f,0.00762307
128,22,f,0.00786878
128,22,f,0.00766842
128,22,f,0.00764845
128,22,f,0.00759715
128,22,f,0.00759028
256,22,f,0.0130585
256,22,f,0.0130051
256,22,f,0.0129067
256,22,f,0.012975
256,22,f,0.0130732
256,22,f,0.0130758
256,22,f,0.0132568
256,22,f,0.0128717
256,22,f,0.0129351
256,22,f,0.0131942
512,22,f,0.0251631
512,22,f,0.0250879
512,22,f,0.0252155
512,22,f,0.0251884
512,22,f,0.0251296
512,22,f,0.0251917
512,22,f,0.0251222
512,22,f,0.0255929
512,22,f,0.0255237
512,22,f,0.0256099
1024,22,f,0.0629706
1024,22,f,0.0634957
1024,22,f,0.0631192
1024,22,f,0.0628796
1024,22,f,0.0633376
1024,22,f,0.0633512
1024,22,f,0.0808864
1024,22,f,0.0686559
1024,22,f,0.0630802
1024,22,f,0.0637144
2048,22,f,0.445499
2048,22,f,0.445753
2048,22,f,0.44727
2048,22,f,0.449325
2048,22,f,0.443036
2048,22,f,0.443689
2048,22,f,0.444456
2048,22,f,0.442754
2048,22,f,0.445739
2048,22,f,0.44262
4096,22,f,5.28563
4096,22,f,5.26678
4096,22,f,5.13056
4096,22,f,5.16068
4096,22,f,5.20903
4096,22,f,5.19072
4096,22,f,5.13934
4096,22,f,5.20939
4096,22,f,5.38461
4096,22,f,5.43771
128,24,f,0.00832572
128,24,f,0.00827911
128,24,f,0.00803788
128,24,f,0.00814846
128,24,f,0.00824178
128,24,f,0.00821356
128,24,f,0.00809541
128,24,f,0.00795415
128,24,f,0.00802055
128,24,f,0.00788929
256,24,f,0.0138958
256,24,f,0.0138291
256,24,f,0.0140498
256,24,f,0.0138073
256,24,f,0.0138516
256,24,f,0.0137717
256,24,f,0.0140691
256,24,f,0.0137489
256,24,f,0.0139141
256,24,f,0.0139154
512,24,f,0.0267855
512,24,f,0.0266405
512,24,f,0.0262736
512,24,f,0.0265837
512,24,f,0.0267007
512,24,f,0.0264242
512,24,f,0.026946
512,24,f,0.026625
512,24,f,0.0267086
512,24,f,0.0269907
1024,24,f,0.0678322
1024,24,f,0.0644658
1024,24,f,0.0642817
1024,24,f,0.0644562
1024,24,f,0.0642873
1024,24,f,0.0646826
1024,24,f,0.064457
1024,24,f,0.0647329
1024,24,f,0.063428
1024,24,f,0.0646151
2048,24,f,0.422554
2048,24,f,0.420859
2048,24,f,0.446581
2048,24,f,0.418733
2048,24,f,0.423208
2048,24,f,0.419106
2048,24,f,0.420471
2048,24,f,0.417344
2048,24,f,0.426089
2048,24,f,0.418363
4096,24,f,4.86232
4096,24,f,4.71445
4096,24,f,4.70552
4096,24,f,4.81521
4096,24,f,4.68033
4096,24,f,5.15595
4096,24,f,4.67916
4096,24,f,5.09389
4096,24,f,4.92147
4096,24,f,4.63453
128,26,f,0.00877413
128,26,f,0.00864452
128,26,f,0.00863428
128,26,f,0.00877004
128,26,f,0.00844532
128,26,f,0.00858927
128,26,f,0.00863851
128,26,f,0.00880889
128,26,f,0.00857971
128,26,f,0.00852143
256,26,f,0.0147211
256,26,f,0.0148761
256,26,f,0.0149167
256,26,f,0.0148572
256,26,f,0.0149051
256,26,f,0.0146435
256,26,f,0.0149057
256,26,f,0.0150327
256,26,f,0.0148021
256,26,f,0.0148389
512,26,f,0.0284891
512,26,f,0.0282901
512,26,f,0.0289392
512,26,f,0.0280079
512,26,f,0.0289099
512,26,f,0.0283062
512,26,f,0.0283317
512,26,f,0.0284153
512,26,f,0.0283673
512,26,f,0.0283027
1024,26,f,0.0657288
1024,26,f,0.0659003
1024,26,f,0.066036
1024,26,f,0.0655887
1024,26,f,0.0659037
1024,26,f,0.0657566
1024,26,f,0.0661003
1024,26,f,0.0660856
1024,26,f,0.0662866
1024,26,f,0.0668181
2048,26,f,0.400494
2048,26,f,0.399747
2048,26,f,0.401132
2048,26,f,0.406281
2048,26,f,0.400607
2048,26,f,0.405739
2048,26,f,0.398787
2048,26,f,0.398454
2048,26,f,0.397785
2048,26,f,0.398973
4096,26,f,4.36952
4096,26,f,4.33773
4096,26,f,4.56758
4096,26,f,4.28706
4096,26,f,4.36502
4096,26,f,4.4339
4096,26,f,4.38816
4096,26,f,4.26581
4096,26,f,4.53084
4096,26,f,4.38931
128,28,f,0.00928104
128,28,f,0.00934051
128,28,f,0.00913801
128,28,f,0.00933644
128,28,f,0.00911127
128,28,f,0.00929142
128,28,f,0.00921194
128,28,f,0.00931035
128,28,f,0.00915804
128,28,f,0.00922995
256,28,f,0.0155183
256,28,f,0.0155231
256,28,f,0.0157709
256,28,f,0.015491
256,28,f,0.0158569
256,28,f,0.0161804
256,28,f,0.016849
256,28,f,0.0160562
256,28,f,0.0155436
256,28,f,0.0157288
512,28,f,0.0302438
512,28,f,0.030337
512,28,f,0.0303032
512,28,f,0.0303359
512,28,f,0.0300073
512,28,f,0.0298908
512,28,f,0.0306032
512,28,f,0.0302626
512,28,f,0.0302583
512,28,f,0.0304236
1024,28,f,0.0675511
1024,28,f,0.0689561
1024,28,f,0.0700536
1024,28,f,0.067629
1024,28,f,0.0689516
1024,28,f,0.0678606
1024,28,f,0.0676686
1024,28,f,0.0681288
1024,28,f,0.0675697
1024,28,f,0.0675576
2048,28,f,0.386921
2048,28,f,0.385595
2048,28,f,0.383065
2048,28,f,0.391215
2048,28,f,0.385224
2048,28,f,0.384726
2048,28,f,0.384524
2048,28,f,0.384962
2048,28,f,0.384007
2048,28,f,0.384295
4096,28,f,4.10721
4096,28,f,4.33487
4096,28,f,4.22076
4096,28,f,4.23235
4096,28,f,4.11359
4096,28,f,4.29019
4096,28,f,4.24543
4096,28,f,4.17063
4096,28,f,4.17379
4096,28,f,4.37081
128,30,f,0.0100671
128,30,f,0.00981381
128,30,f,0.0098208
128,30,f,0.0098034
128,30,f,0.0097276
128,30,f,0.0097001
128,30,f,0.00982354
128,30,f,0.00975464
128,30,f,0.00970648
128,30,f,0.00972994
256,30,f,0.0166041
256,30,f,0.0167551
256,30,f,0.0165713
256,30,f,0.0167413
256,30,f,0.0164995
256,30,f,0.0167829
256,30,f,0.0165839
256,30,f,0.0164352
256,30,f,0.0167057
256,30,f,0.0166195
512,30,f,0.0318644
512,30,f,0.0317287
512,30,f,0.0319754
512,30,f,0.0323481
512,30,f,0.0318643
512,30,f,0.0319151
512,30,f,0.0318523
512,30,f,0.0320378
512,30,f,0.0319142
512,30,f,0.033905
1024,30,f,0.0700975
1024,30,f,0.0699026
1024,30,f,0.0705459
1024,30,f,0.071309
1024,30,f,0.0703726
1024,30,f,0.0695621
1024,30,f,0.0701124
1024,30,f,0.0704785
1024,30,f,0.0695096
1024,30,f,0.0698041
2048,30,f,0.372906
2048,30,f,0.370277
2048,30,f,0.369441
2048,30,f,0.368683
2048,30,f,0.369943
2048,30,f,0.368313
2048,30,f,0.3675
2048,30,f,0.37046
2048,30,f,0.376923
2048,30,f,0.370451
4096,30,f,4.18982
4096,30,f,4.25393
4096,30,f,3.91618
4096,30,f,4.04578
4096,30,f,4.21679
4096,30,f,3.81424
4096,30,f,4.42484
4096,30,f,4.16694
4096,30,f,4.26075
4096,30,f,4.03573
128,32,f,0.0103092
128,32,f,0.0103592
128,32,f,0.0103703
128,32,f,0.0106516
128,32,f,0.0106813
128,32,f,0.0289562
128,32,f,0.0152886
128,32,f,0.0102504
128,32,f,0.0102089
128,32,f,0.0102803
256,32,f,0.0173198
256,32,f,0.0173373
256,32,f,0.018408
256,32,f,0.017518
256,32,f,0.0185349
256,32,f,0.0174006
256,32,f,0.017237
256,32,f,0.0172335
256,32,f,0.0173179
256,32,f,0.0173175
512,32,f,0.0333163
512,32,f,0.0331147
512,32,f,0.0335287
512,32,f,0.0338032
512,32,f,0.0336085
512,32,f,0.0331277
512,32,f,0.0336493
512,32,f,0.0339346
512,32,f,0.0335905
512,32,f,0.0339299
1024,32,f,0.0712947
1024,32,f,0.0714912
1024,32,f,0.0719235
1024,32,f,0.0719473
1024,32,f,0.0715445
1024,32,f,0.0723079
1024,32,f,0.0727941
1024,32,f,0.0719355
1024,32,f,0.0718739
1024,32,f,0.0723539
2048,32,f,0.364505
2048,32,f,0.363079
2048,32,f,0.375308
2048,32,f,0.362434
2048,32,f,0.365129
2048,32,f,0.366536
2048,32,f,0.362317
2048,32,f,0.36489
2048,32,f,0.361722
2048,32,f,0.363846
4096,32,f,3.96487
4096,32,f,4.15472
4096,32,f,4.3492
4096,32,f,4.15704
4096,32,f,4.00123
4096,32,f,4.32841
4096,32,f,4.01723
4096,32,f,4.20545
4096,32,f,4.2167
4096,32,f,4.11367
128,34,f,0.0113448
128,34,f,0.0108833
128,34,f,0.0204569
128,34,f,0.0256444
128,34,f,0.0127841
128,34,f,0.0106377
128,34,f,0.0273742
128,34,f,0.0236535
128,34,f,0.011164
128,34,f,0.010758
256,34,f,0.0185246
256,34,f,0.0185128
256,34,f,0.018608
256,34,f,0.0186264
256,34,f,0.0182484
256,34,f,0.0185483
256,34,f,0.018761
256,34,f,0.0186482
256,34,f,0.018592
256,34,f,0.0186316
512,34,f,0.0358963
512,34,f,0.036761
512,34,f,0.0370466
512,34,f,0.0354905
512,34,f,0.0357117
512,34,f,0.0356053
512,34,f,0.0370675
512,34,f,0.0362069
512,34,f,0.0368076
512,34,f,0.0362523
1024,34,f,0.0877177
1024,34,f,0.0908678
1024,34,f,0.0923736
1024,34,f,0.0931967
1024,34,f,0.0900319
1024,34,f,0.0909724
1024,34,f,0.0872603
1024,34,f,0.0926843
1024,34,f,0.0904558
1024,34,f,0.0887434
2048,34,f,0.723063
2048,34,f,0.720039
2048,34,f,0.723213
2048,34,f,0.721456
2048,34,f,0.722212
2048,34,f,0.721455
2048,34,f,0.724884
2048,34,f,0.721307
2048,34,f,0.723304
2048,34,f,0.736308
4096,34,f,6.89067
4096,34,f,6.98661
4096,34,f,6.80203
4096,34,f,6.89238
4096,34,f,7.37403
4096,34,f,6.84022
4096,34,f,7.32228
4096,34,f,6.93062
4096,34,f,6.78004
4096,34,f,7.44049
128,36,f,0.0117186
128,36,f,0.0125024
128,36,f,0.011651
128,36,f,0.0115979
128,36,f,0.0115001
128,36,f,0.0112578
128,36,f,0.0115996
128,36,f,0.0117697
128,36,f,0.011231
128,36,f,0.0112349
256,36,f,0.0195773
256,36,f,0.0196659
256,36,f,0.0197956
256,36,f,0.0198496
256,36,f,0.0196768
256,36,f,0.0199006
256,36,f,0.0195473
256,36,f,0.0194601
256,36,f,0.0227406
256,36,f,0.0197622
512,36,f,0.0378153
512,36,f,0.0378813
512,36,f,0.0380231
512,36,f,0.037287
512,36,f,0.0375124
512,36,f,0.038564
512,36,f,0.0376125
512,36,f,0.037706
512,36,f,0.0390722
512,36,f,0.0386158
1024,36,f,0.0950672
1024,36,f,0.0978533
1024,36,f,0.103803
1024,36,f,0.0936411
1024,36,f,0.0964525
1024,36,f,0.0986761
1024,36,f,0.0974807
1024,36,f,0.0947135
1024,36,f,0.096074
1024,36,f,0.092044
2048,36,f,0.69906
2048,36,f,0.699771
2048,36,f,0.700536
2048,36,f,0.728946
2048,36,f,0.700079
2048,36,f,0.702705
2048,36,f,0.699044
2048,36,f,0.70118
2048,36,f,0.702926
2048,36,f,0.702722
4096,36,f,6.53485
4096,36,f,6.79445
4096,36,f,6.68426
4096,36,f,6.66917
4096,36,f,6.6251
4096,36,f,6.77823
4096,36,f,6.74909
4096,36,f,7.29864
4096,36,f,6.58479
4096,36,f,7.12019
128,38,f,0.0123144
128,38,f,0.0121768
128,38,f,0.0121423
128,38,f,0.0121457
128,38,f,0.0121348
128,38,f,0.0119181
128,38,f,0.0121326
128,38,f,0.0120408
128,38,f,0.0118258
128,38,f,0.0120103
256,38,f,0.020603
256,38,f,0.0206293
256,38,f,0.020711
256,38,f,0.0211093
256,38,f,0.0209048
256,38,f,0.0206556
256,38,f,0.0205346
256,38,f,0.0212318
256,38,f,0.0207493
256,38,f,0.0206084
512,38,f,0.0395226
512,38,f,0.0398862
512,38,f,0.0390887
512,38,f,0.0391848
512,38,f,0.0398185
512,38,f,0.0397712
512,38,f,0.0398967
512,38,f,0.0396387
512,38,f,0.0402106
512,38,f,0.0392335
1024,38,f,0.101836
1024,38,f,0.114805
1024,38,f,0.103738
1024,38,f,0.10279
1024,38,f,0.129294
1024,38,f,0.0961613
1024,38,f,0.104123
1024,38,f,0.10438
1024,38,f,0.0979597
1024,38,f,0.0984788
2048,38,f,0.675851
2048,38,f,0.677381
2048,38,f,0.67825
2048,38,f,0.678787
2048,38,f,0.679332
2048,38,f,0.680897
2048,38,f,0.688517
2048,38,f,0.677873
2048,38,f,0.677412
2048,38,f,0.675304
4096,38,f,6.45592
4096,38,f,6.4554
4096,38,f,6.37117
4096,38,f,6.2712
4096,38,f,6.86405
4096,38,f,6.51045
4096,38,f,7.12628
4096,38,f,6.42654
4096,38,f,6.40887
4096,38,f,6.35633
128,40,f,0.013039
128,40,f,0.0125856
128,40,f,0.0123961
128,40,f,0.0125661
128,40,f,0.0126227
128,40,f,0.0126721
128,40,f,0.0126617
128,40,f,0.0126059
128,40,f,0.0126413
128,40,f,0.0126459
256,40,f,0.0217405
256,40,f,0.0215308
256,40,f,0.0216397
256,40,f,0.0216028
256,40,f,0.0217261
256,40,f,0.0217328
256,40,f,0.0218366
256,40,f,0.0215993
256,40,f,0.0216223
256,40,f,0.0213559
512,40,f,0.0415312
512,40,f,0.0416099
512,40,f,0.0414279
512,40,f,0.0416394
512,40,f,0.0415355
512,40,f,0.0414217
512,40,f,0.0417676
512,40,f,0.0411198
512,40,f,0.0415963
512,40,f,0.0410857
1024,40,f,0.106967
1024,40,f,0.127819
1024,40,f,0.104451
1024,40,f,0.100377
1024,40,f,0.103473
1024,40,f,0.100149
1024,40,f,0.106345
1024,40,f,0.100482
1024,40,f,0.10001
1024,40,f,0.104283
2048,40,f,0.660071
2048,40,f,0.655772
2048,40,f,0.656648
2048,40,f,0.658675
2048,40,f,0.65838
2048,40,f,0.660355
2048,40,f,0.676909
2048,40,f,0.658024
2048,40,f,0.657846
2048,40,f,0.6577
4096,40,f,6.21566
4096,40,f,6.22304
4096,40,f,6.04583
4096,40,f,6.46972
4096,40,f,6.30625
4096,40,f,6.51878
4096,40,f,6.18693
4096,40,f,6.4353
4096,40,f,6.56461
4096,40,f,6.27092
